leagueid,league_name,tier
19102,BLAST SLAM VIII,professional
19239,FISSURE Universe Episode 8,professional
19247,PGL Wallachia Season #7 EEU Closed Qualifiers,professional
19696,DreamLeague Season 29,professional
18941,EPL Championship 2025-2026,professional
17366,Ultras Dota Pro League  2024-25,professional
17381,European Pro League  2024-2025 Season,professional
18937,Games of the Future 2025 Abu Dhabi,professional
19699,Road To EWC 2026 Regional Qualifiers,professional
18799,CCT Dota 2 Season 2 South America Series 1,professional
19248,PGL Wallachia Season #7 AMER Closed Qualifiers,professional
19269,DreamLeague Season 28,professional
18995,REDRAGON Battle Series DOTA2,professional
18999,Asia Pacific Predator League 2026,professional
19130,ESL challenger China,professional
19154,RES Unchained - A Blast Dota Slam VI Qualifier SEA,professional
19155,RES Unchained - A Blast Dota Slam VI Qualifier EU,professional
19218,EPICENTER CUP - VERANO,professional
18820,BetBoom Streamers Battle x Динамо 12,professional
19255,Premier Series,professional
19520,BLAST Slam VII China Qualifier,professional
18618,Snake Trophy,professional
18622,BetBoom Streamers Battle x Динамо 11,professional
18668,FISSURE PLAYGROUND 2 - Closed Qualifiers - Americas,professional
18670,FISSURE PLAYGROUND 2 - Closed Qualifiers - WEU+EEU,professional
18676,Pakistan Dota Masters - Season 2,professional
19148,BLAST Slam VI China Qualifier,professional
18893,Snake Trophy,professional
18897,DreamLeague Division 2 Season 2,professional
18920,PGL Wallachia 2025 Season 6,professional
20169,BLAST Slam VII China Qualifier,professional
19101,BLAST SLAM VII,professional
16325,Ancients League,professional
16379,Ancients League,professional
19040,Открытые Киберспортивные Игры Сбера 2025,professional
19785,Esports World Cup 2026,professional
17662,1win Series Dota 2,professional
18666,CCT Dota 2 Season 2 Series 5,professional
18667,FISSURE PLAYGROUND 2 - Closed Qualifiers - China,professional
18988,DreamLeague Season 27,professional
18706,BLAST Slam IV: China Closed Qualifier,professional
18769,DreamLeague Division 2 Season 1,professional
18859,Road to APAC Predator League 2026 : Indonesian Series,professional
20142,RES Unchained - A Blast Dota Slam VIII Qualifier EU,professional
20143,RES Unchained - A Blast Dota Slam VIII Qualifier SEA,professional
20144,RES Unchained - A Blast Dota Slam IX Qualifier SEA,professional
20145,RES Unchained - A Blast Dota Slam IX Qualifier EU,professional
19422,ESL One Birmingham 2026,professional
19448,DreamLeague Season 29 Qualifiers,professional
17419,SLAM IV,professional
17420,SLAM V,professional
17659,EPL World Series: Southeast Asia 2024-2025 Season ,professional
19944,EPL Masters 2026 ,professional
17914,SIVVIT League,professional
18038,FISSURE PLAYGROUND 2 - Closed Qualifiers - EEU,professional
18419,Boss Battle,professional
18863,FISSURE PLAYGROUND 2,professional
19290,DreamLeague Division 2 Season 3,professional
19532,DreamLeague Division 2 Season 4,professional
19538,RES Unchained - A Blast Dota Slam VII Qualifier SEA,professional
19539,RES Unchained - A Blast Dota Slam VII Qualifier EU,professional
19543,PGL Wallachia 2026 Season 8,professional
19917,The Games of the Future 2026,professional
17909,WBT CYBER CLUB #1,professional
18700,FISSURE PLAYGROUND 2 - Closed Qualifiers - Americas (SA),professional
18702,RES Unchained - A Blast Dota Slam IV Qualifier EU,professional
18704,RES Unchained - A Blast Dota Slam IV Qualifier SEA,professional
18830,BLAST Slam V: China Closed Qualifier,professional
18955,CCT Dota 2 Season 2 Series 6,professional
19054,Snake Trophy ,professional
19089,DreamLeague Season 28 Qualifiers,professional
19090,ESL One Birmingham 2026 Qualifiers,professional
19099,BLAST SLAM VI,professional
19245,PGL Wallachia Season #7 Asia Closed Qualifiers,professional
19246,PGL Wallachia Season #7 WEU Closed Qualifiers,professional
16251,Party To Play league,professional
18660,CIS Battle 3,professional
18747,PGL Wallachia Season #6 EEU Closed Qualifiers,professional
18749,PGL Wallachia Season #6 CN Closed Qualifiers,professional
18750,PGL Wallachia Season #6 SEA Closed Qualifiers,professional
18751,PGL Wallachia Season #6 AMER Closed Qualifiers,professional
18761,RES Unchained - A Blast Dota Slam V Qualifier EU,professional
18762,RES Unchained - A Blast Dota Slam V Qualifier SEA,professional
18766,Redragon Latam Series Dota2,professional
19435,PGL Wallachia 2026 Season 7,professional
20279,PGL Wallachia 2026 Season 9,professional
18629,DreamLeague Season 27 Qualifiers,professional
18633,FISSURE Universe Episode 7,professional
19575,ESL challenger China powered By ACL,professional
19885,Road to ENC 2026 Regional Qualifiers,professional
19890,The International 2026 - Regional Qualifier North America,professional
19891,The International 2026 - Regional Qualifier South America,professional
19892,The International 2026 - Regional Qualifier Europe,professional
19893,The International 2026 - Regional Qualifier China,professional
19894,The International 2026 - Regional Qualifier Southeast Asia,professional
18502,Americas Convergence Series 1,professional
18748,PGL Wallachia Season #6 WEU Closed Qualifiers,professional
20009,1win Essence II,professional
