account_id,r,rd
1153798101,1829.142492775905,134.9208787405387
1675517497,1677.928216008824,103.77112056577063
1092267175,1769.8208773233994,170.36927133342425
847851833,1724.210625518258,115.40644066154573
340421206,1769.8744596814197,170.3671998157345
904131336,1677.8113106903381,158.34574855911285
402583877,1871.2814172987635,223.19042022603327
175311897,2125.476360857114,153.9407664445982
184620877,1771.2383237222812,142.53741528606665
123023873,2141.0979974278403,101.20906131694494
234119750,1762.8710077085416,122.5844571797911
1172719712,1777.4058465886687,102.27716901925734
187123736,1785.5331785335163,102.47374713340565
223382342,1790.1747170587319,103.82659303043992
196041577,1417.3732073794329,95.33753908323992
164506534,1716.3883295995327,104.71790860042623
145065875,1702.883270622504,185.2422358890794
417604379,1903.6044705677452,108.88172054481598
116865891,1696.2045329010512,108.33448061971299
217472313,1977.9479285061107,158.7863883376975
87063175,1577.933204780197,148.20543796121365
164962869,2002.610130692469,111.33247152406578
374875067,1894.2812166950469,99.33835382205918
262476000,2195.2467436509473,115.4548206184486
919735867,2185.0722081640174,93.63429391399673
91730177,1934.7886460840082,101.04935491193581
190826739,1907.879040518838,146.0539634171809
127617979,1838.580892324274,112.46968301490602
9403474,1682.2710647736453,137.8630272237696
116585378,1881.2510851459606,184.98283814785677
1023487276,1494.820027471418,73.8062470646257
1115579448,1323.3060718211402,170.94361164373825
368526609,1381.3415015593625,83.68724716839725
1432686900,1585.4558213535242,83.71175931492434
149134164,1246.7375294521244,140.40734672969168
1486792934,1343.2166611015816,91.11277186536464
1613937051,1438.4034227453767,90.29855768457003
1695617010,1535.231054714591,85.19919246943175
194800812,1327.3950910261153,87.46364066942817
297111049,1408.4651864864302,84.93103027741897
185908355,1864.0760010006393,135.8018252231768
489696354,1529.5118808777397,146.49870454003343
139031324,1849.153628057548,137.1706417406717
391423488,1637.6189197534488,252.67201653082827
191597529,1639.414865585319,213.43842226657262
168028715,1307.078639672379,201.09732014937012
202217968,1863.4220986004989,135.81429327509466
147767183,2167.4368386380493,110.31855273994829
207829314,2166.2296252602546,111.03323481733615
76904792,1732.547404391811,144.62184050557107
100594231,2069.1768789933017,194.83250565342658
155494381,1871.0523912021895,162.50643513654205
146711951,1902.8890216951268,94.23906980754036
324277900,2144.8891389763457,105.28022729860851
355168766,2069.1768789933017,194.83250565342658
181716137,1702.1256610744729,127.35804476535645
156328257,1702.1256610744729,127.35804476535645
140411011,1700.5748998226964,143.643861129571
155447692,1766.774129404882,154.5497216811444
118559150,1700.5748998226964,143.643861129571
100616105,1703.789874587952,143.25467641864773
337575662,1703.0388261372987,143.37495200832984
173378701,1703.0388261372987,143.37495200832984
399862798,1703.789874587952,143.25467641864773
389022189,1681.4573328575473,148.8933555811956
343084576,2093.062379423383,104.76718222211714
100471531,2144.6185285513675,136.43760022033376
392169957,1881.5107697898861,151.93302918037017
152859296,2093.0573846292286,104.76716629252323
392565237,2093.0631747668444,104.76718472232743
250547284,1487.5066894480822,126.83098845464416
137895298,1294.4321971808304,164.8399785683667
165178538,1295.3644624971616,164.83154945167675
164530809,1293.9740656030776,164.84790924434412
108221389,1803.5309150861094,252.77707544749356
170896543,1901.872972704171,153.9920558058667
315272623,1901.8554029082297,153.99112076424697
156662698,1432.1284033054844,195.54965410385665
179313961,1575.116451211571,120.64930739472513
249835593,1901.8419521648482,153.99042221610551
389276156,1968.0374213265382,174.0851483458967
320017600,1768.1262081756706,128.15395826084696
376571133,1286.8357252262456,165.0369476669791
1675898897,1703.182508137888,104.03740687799993
1682179459,1598.012512127553,127.49209327283674
193564777,1427.4273550487706,133.51269747454293
114162163,1438.85981701786,135.0290664599335
166806255,1403.5040172375361,128.7435062257782
113112046,1379.1829030531947,145.09517232888456
891154650,1227.6271178386046,171.46167165772005
856427829,1515.7972148062295,68.0593078724639
1620243459,1400.1846278346475,107.14953277794292
314272971,1593.7277508608524,84.47799058492376
917067055,1650.5268434982306,87.44025916962661
1251984026,1650.5008933067606,87.47885395040767
99796146,1678.0558698299467,149.24820471485089
180775030,1454.2903334236287,169.47254565787546
908940454,1429.4545747585987,157.30813944778248
248180032,1614.2931811649769,134.74145937120923
173842160,1673.389044305225,149.1272147174634
81475303,1618.0219888040765,131.07156610453293
191362875,1975.0902868687715,112.8271499694693
90423751,1975.0902868687715,112.8271499694693
160119017,1975.0902868687715,112.8271499694693
154974246,1975.0902868687715,112.8271499694693
910028605,1525.0935111067145,97.38209116046121
114619230,1525.0363144316489,97.38207565877393
140835095,2217.9797774433755,160.5635067302537
276449590,1888.7312438768806,102.16732468409286
1048617659,1888.7312438768806,102.16732468409286
104334048,1795.065340158092,106.59604139872589
323562138,1314.154797434875,150.43991731323266
116881520,1502.2655045910383,115.28398283641478
171097887,1352.8933755402788,131.72428118322887
320219866,2233.6486073366623,120.82663115155404
1657135701,1849.2464302621463,119.32369290951645
294135421,1826.5680644165475,112.89994378240009
206097366,1769.6596365969178,170.3804987262268
363739653,1784.4694843316372,124.94061253785162
185059559,1820.2399908545372,142.40854301274427
125445069,1807.320840789595,116.82127282180645
173539244,1778.285940199061,142.345328923715
123787715,1779.8840206966975,125.70636427556543
1092557725,1634.2132205860369,95.63851326728732
93526520,1769.8308107097455,170.36887359732538
84095791,1359.4824092942135,129.35300922058244
766199892,1633.1909429859581,116.91167070516416
195108598,2636.1523379624514,239.81867096024487
149889029,1400.2217353662936,134.1679328875052
214389279,1739.695979886781,129.12185231911374
195415954,1227.3726792210605,170.93248403600103
1253472325,1445.6525366245469,140.79123803217334
154921394,1474.9838723293697,115.07159086098515
1057776020,1474.9838723293697,115.07159086098515
910596685,1467.1564999828158,113.90237763397604
1811371866,1452.0541012422475,86.99385465896057
399588134,1678.7445826972507,90.36849640353998
113055105,1527.273143026798,171.14099651022389
92706637,1339.8597398708705,193.72008450278176
94364925,1339.8597398708705,193.72008450278176
1071332616,1354.0596131594882,260.86507206378315
192120253,1339.8597398708705,193.72008450278176
392385140,1625.1371255586087,147.0521985223137
914221413,1303.262346740689,204.79178749013735
107579895,1489.2554559956095,175.11616642618617
117089283,1625.9815255874166,147.05467849560915
86822085,1528.2203734648149,145.9422722648564
177953305,1819.5265485841549,115.77739573574267
252737052,1794.8442688866423,127.7228644960584
352545711,2017.6297829719858,122.20828179724401
1031547092,1693.01795814148,147.5363002163007
425588742,1629.047346783367,175.05553207164337
338769995,1298.5795109313665,262.91982518058137
242885483,1394.7400506308536,159.22680164952374
283629288,1124.4974794747293,202.16381948476408
145372258,1409.8187415427144,147.97310391513506
197574429,1394.7400506308536,159.22680164952374
230487729,1886.6467869801857,99.65746580527984
126212866,2045.3654859281796,104.1440444183161
155162307,1603.1153348565242,174.73532698594124
285282252,1760.4105249654626,181.15728213503235
210053851,1967.8117008832685,110.13729977970988
154715080,2115.7057397886497,103.65957056054553
97658618,2011.9713665355832,102.10468609824461
94155156,2003.8893193088757,111.64512142644305
161839895,1676.8539472427403,154.63091796801203
177411785,1528.1212350491824,114.41805234814272
24045849,1363.5870140727013,116.65314455928282
15587389,1453.8951336057708,129.10175522444848
1256269806,1363.5870140727013,116.65314455928282
214853734,1504.374054927616,107.55617419219827
165110440,1557.4674761332612,108.3742955815967
217893581,1418.3591062813264,227.9103661841219
106092529,1507.8194588617241,123.86952487648313
93850611,1507.8194588617241,123.86952487648313
78387922,1507.8194588617241,123.86952487648313
80313421,1418.3591062813264,227.9103661841219
325035055,1351.2057473934126,227.88097740215252
167291622,1432.048547818244,198.7930256045991
218062615,1432.048547818244,198.7930256045991
205389770,1482.1302063994185,207.25262138144316
1088839120,1432.048547818244,198.7930256045991
303331256,1433.8285240517903,191.36897768541635
117935373,1433.8285240517903,191.36897768541635
316988377,1433.8285240517903,191.36897768541635
55012505,1433.8285240517903,191.36897768541635
277196834,1648.7942526065872,227.8809774021525
130433320,1518.8524895783598,82.07891356109864
1674837008,1348.533474999871,198.94535355115312
1101342282,1446.26153875812,143.46130079060964
1868210186,1358.5771792100622,106.85754884373466
1030928034,1484.8004799651844,149.01096480498032
113923026,1362.749103079791,90.16045356048657
339941742,1383.7113444958022,84.96663670244699
358507879,1309.469715842934,185.64621064216504
143786911,1437.4736650514042,106.9766393347531
252520776,1454.383629409531,169.48471767585687
116080282,1254.558340218822,288.65496992274456
324627809,1545.6887675824591,135.5087127706393
349310876,1905.7382893568947,146.29425324346374
399920568,1626.3060874051278,147.04025172029992
164685175,1580.8532764491902,127.50869745537217
363758022,2196.0919541081867,104.88307165461588
1026694469,1949.2339692597066,98.15667424463331
352623024,1622.9117909126776,145.0595936196372
85696663,1756.2941104533454,109.79556194386072
125995177,1570.9856213153557,188.56336988921518
872625732,1406.1385980684101,135.5168685106015
183057960,1361.227606432206,166.18975227973007
395770377,1569.4563815035297,188.96240331430806
417512732,1347.3977138519713,173.11017568518471
387836517,1205.3464841236218,234.7725650603305
1073866259,1344.033598940089,89.4573716749893
191290281,1275.0105985566202,211.05479294175422
186837494,1303.6416177618942,204.70988649848016
1673586483,1598.3472193978084,181.8078942784692
100758751,1303.6426441928625,204.70966492899842
138177198,1573.221106015011,187.9843262087317
1112797393,1571.3622088271545,120.51711752689062
223344914,1312.1960207975817,183.09213199002627
230617400,1165.4926596720888,317.14098650132723
130503714,1541.0882483016023,109.16442744700153
257945712,1566.7864760957902,176.24664203181118
176616331,1358.639854788607,256.3735064523087
876794068,1536.28799538045,114.38331309126613
156029808,1376.034032406063,268.0256946928241
158338766,1157.6296892569799,283.51841139175156
837609249,1244.5762548215052,165.49249541484866
219950601,1715.9490491239264,123.11461388040924
100598959,1299.221473811178,326.803482882656
116837520,1638.5932272766784,126.96031563061084
229580899,1520.505533095547,191.1154939474908
285319482,1356.0746797627714,239.02426705024473
293904640,1316.4006464241465,265.9719465111264
104512126,1738.1590946010372,170.07130491553008
219755398,1584.1593323415582,128.07433011853834
330534326,1699.7897584817547,128.79999106370641
132309493,1870.863264728263,162.49508768905923
1415353399,1571.0444993456838,108.51792268007942
1622228403,1571.0444993456838,108.51792268007942
1290724173,1571.0444993456838,108.51792268007942
1271501667,1571.0444993456838,108.51792268007942
1425359001,1571.0444993456838,108.51792268007942
1669067572,1464.4680888156026,110.88516522024403
1669772146,1464.4680888156026,110.88516522024403
1669407626,1464.4680888156026,110.88516522024403
1669577647,1464.4680888156026,110.88516522024403
1669769919,1464.4680888156026,110.88516522024403
141543406,1222.4294403201263,260.6536716399642
133372681,1226.0057673830306,257.3146855747194
135673679,1140.2690747152242,268.5184322188668
399395714,1162.854410298203,170.00993234433267
189155591,1193.1242784539463,313.1598810207537
197525587,1038.819821951088,219.2263934814724
118127154,1185.5651661343427,192.37827782270597
374131524,1297.0943919114109,143.9259420438478
1047924421,1119.3354647863746,193.46041341304135
186577691,1403.3239086682759,195.5691827612098
373667079,1610.2220130922474,214.4379247057035
307291170,1603.7083873248387,216.89408276395855
325674279,1509.7881142226724,143.1971194023525
303615577,1383.2697837951955,156.58587120972464
859505832,1338.4576167654363,212.21648928913692
457637739,1515.336161752601,91.37934761929762
902207238,1248.610956006003,268.08810556050446
445051808,1337.31342986247,150.49091008386873
274078636,1227.312827131902,219.0821803031116
1015943043,1373.006821836945,122.47686575829168
1525057958,1537.7405260046119,103.23106962419011
1525266647,1537.7405260046119,103.23106962419011
1524955916,1537.7405260046119,103.23106962419011
1524969195,1537.7405260046119,103.23106962419011
1552711645,1537.7405260046119,103.23106962419011
1300455837,1678.0775958681156,120.45835875092745
288327980,1678.0775958681156,120.45835875092745
1479790131,1678.0775958681156,120.45835875092745
1479402527,1646.2918760367086,117.4683488804421
1533145710,1678.0775958681156,120.45835875092745
1669990410,1506.2513496451245,113.6857398396156
1669657737,1506.2513496451245,113.6857398396156
1669346844,1506.2513496451245,113.6857398396156
1669038778,1506.2513496451245,113.6857398396156
1669589984,1506.2513496451245,113.6857398396156
1669583127,1448.4150036690987,113.83146052196683
1669730945,1448.4150036690987,113.83146052196683
1670825435,1448.4150036690987,113.83146052196683
1669300091,1448.4150036690987,113.83146052196683
1669449384,1448.4150036690987,113.83146052196683
1470752474,1524.0164471942564,106.61297951636028
1459311384,1524.0164471942564,106.61297951636028
1532806426,1524.0164471942564,106.61297951636028
1459382454,1524.0164471942564,106.61297951636028
1533499102,1524.0164471942564,106.61297951636028
1651175928,1431.6190358029696,113.08637717586207
1651174780,1431.6190358029696,113.08637717586207
1651253581,1431.6190358029696,113.08637717586207
1651476638,1431.6190358029696,113.08637717586207
1651252190,1431.6190358029696,113.08637717586207
181987328,1085.7285946432312,196.45056566151771
997587648,1300.9247941850285,252.67833828328287
131040059,1713.2180956252005,131.26098722478906
21270361,1085.7285946432312,196.45056566151771
826169673,1449.7655579432487,200.2322181385618
957204049,2182.6728628358073,93.07743043207019
185590374,2185.074064777209,93.63495791845553
835864135,2185.074064777209,93.63495791845553
111030315,1801.7758917208896,116.24148135450045
130991304,2185.074064777209,93.63495791845553
124801257,2138.107369885772,131.15797270211914
858106446,1848.2433403659322,111.94286873143791
431770905,1856.448522600129,133.505261094821
256156323,2233.6486068176155,120.82663110834996
108958769,1946.0880305823052,111.50523138655633
1902169997,1512.5214602328024,84.53343465840939
1056145299,1444.8016504666227,137.3953840091167
1171975340,1486.885492470239,72.2616627040186
307331749,1237.6007783084617,182.69658592020093
1029972951,1382.8680050631797,76.24241154817712
878549965,1508.7494217675053,82.25193780859234
1712916118,1493.4281222623883,76.01050165139324
135607261,1294.3281834663965,164.84136298453453
196400041,1387.7254845402315,222.58437179602285
140251702,1768.1263222313346,128.15394181212952
123717676,1903.4459693495937,97.53658018904964
458287006,1980.2596948305793,141.9306394487323
116249155,1798.527265597506,146.71283036858344
1136465061,1409.8202513755582,107.88218038410045
81991034,1554.522877069092,99.54464746596861
1080461264,1496.4401041878314,136.69802674471268
164054337,1496.4401041878314,136.69802674471268
113995822,1940.4181475233834,119.70146836331179
190100004,1551.1633421089425,123.56715434722595
191734430,1671.7528987667072,95.54655963077661
115296681,1671.8765460982042,97.46918472481083
148180390,1456.93159254973,103.42477966597313
1337215347,1255.1675354627196,140.4581040706343
165671428,1662.0222465884913,98.29080283670065
1036304090,1542.0904748742507,230.91341125592018
165108864,1334.8364670433657,161.85822832168816
70256155,1216.1321207638823,202.42585676482062
1405735123,1927.0753991418076,188.1892964238763
1585037597,1703.6971637190268,198.24717029428444
1665119043,1473.3361720320763,152.95376439479784
1907973300,1285.170424632815,290.85510171892605
76749093,1086.2504882861251,295.04691972643053
1278386891,1731.873135083477,291.82219746283687
1486835175,1221.1051394908054,255.24330353474596
471979494,1226.3032853053778,250.7170044168916
176502766,1603.3645783152658,180.39089951765328
1131833218,1434.7457142385792,134.4057121037899
1044002267,2635.808399051154,239.7178057103621
165571447,2033.008188576923,136.43937963500326
390015464,1649.0377857631756,127.22925065858043
437492432,1682.787324781272,117.21737270761915
888955351,1655.9432242116118,139.91567843646206
234162477,1074.4862576868486,268.6107200160239
375507918,1815.259790344792,118.55060264108077
301750126,2278.825442220979,234.39451929031782
101259972,1947.6047416564077,97.54691581633013
126842529,2233.648607117673,120.82663113332599
193815691,1815.2563538765874,118.55054377885862
156190292,1525.2234554606725,77.41170335420017
205630113,1406.4923428848642,105.37568881237996
293731272,1722.5952224088671,133.2196421348673
296702734,1453.7306751718336,131.3179125304002
155564702,1727.5967239202328,135.1112617851418
40805086,1902.8306620740555,102.68380932356155
195516068,1727.5967239202328,135.1112617851418
72211296,1640.3771730994338,105.47258387600934
907097333,1640.3771730994338,105.47258387600934
135942776,1477.3124183276136,124.74477478658004
134556694,1211.6567226616196,169.4400215403103
879017980,2009.7794761336904,105.86150180492503
426831597,1250.2289305079992,188.68433723750715
161616996,1250.2289305079992,188.68433723750715
1083584905,1250.2289305079992,188.68433723750715
277488080,1397.8013218031567,188.6002492734047
292305454,1595.9060639390286,202.4882988456326
197002554,1684.293708093394,177.4340869012278
309097063,1637.2773737756443,156.55940384231278
162871324,1684.293708093394,177.4340869012278
147719113,1337.7879973942352,290.2305060910912
1029109084,1337.7879973942352,290.2305060910912
215111583,1532.1492144766378,289.3160355454119
284961240,1914.8162437020496,202.82202902837886
1849875747,1881.2405166375547,154.70513830224874
147615653,1520.8818132826589,288.8857781023778
137340624,1722.3071170004182,149.8534583416062
1676297252,1507.9862709364445,201.25695640268844
339558320,1779.7955694909097,156.07467494457242
1033872925,1507.9862709364445,201.25695640268844
325718439,1779.7955694909097,156.07467494457242
113802397,1782.969306067772,183.98912375966964
416312988,1498.993201589379,190.09771722390502
214961002,1837.0936221701545,227.38242025690707
217642019,1621.7064223222624,198.73718698042737
906729146,1621.7064223222624,198.73718698042737
113821384,1370.0622618413115,243.21257637089573
935495351,1652.2787317712741,123.93856601255239
155370747,1549.3430232970918,120.73315150418937
196481318,1444.3609544522208,130.61240377119725
878412184,1141.7571349724994,209.80362122846728
387624608,1365.897263208927,143.40437424340487
307173570,1832.0209196559642,107.63671384650205
127530803,1486.787046914542,124.45731798983404
158072796,1450.8104734382111,120.30597547252512
326327879,1973.4932981790773,103.4759552840263
1150028510,1508.4737169611126,122.15155080975822
221945821,1428.8687610830139,77.51479602800852
1674492970,1477.953937550596,96.60943860062778
1000681260,1644.9521116193716,110.10525095728158
1840153659,1791.763050788423,247.41092974455273
973040382,1662.2120026057648,290.2305060910912
414591153,1791.763050788423,247.41092974455273
1726251753,1791.763050788423,247.41092974455273
1435837830,1662.2120026057648,290.2305060910912
121299087,1337.7879973942352,290.2305060910912
123370709,1337.7879973942352,290.2305060910912
1021314683,1337.7879973942352,290.2305060910912
1024005786,1337.7879973942352,290.2305060910912
1270238579,1337.7879973942352,290.2305060910912
901489851,1517.5422275099952,250.47902107426603
1675824236,1375.5713787358143,267.0480627914639
1124869565,1375.5713787358143,267.0480627914639
1141565683,1375.5713787358143,267.0480627914639
1430101332,1375.5713787358143,267.0480627914639
1079718616,1230.01628877321,283.2777852764134
1097599366,1230.01628877321,283.2777852764134
1056066021,1337.7879973942352,290.2305060910912
1623739104,1230.01628877321,283.2777852764134
994221600,1230.01628877321,283.2777852764134
1841739065,1511.031591211673,176.27000740091154
369041084,1731.6833072480058,286.84675130337524
1080916682,1731.6833072480058,286.84675130337524
877363667,1098.9275774360015,159.12574775112435
56351509,1995.9642356205854,115.5089670612585
1056433880,1098.9275774360015,159.12574775112435
314304911,1098.9275774360015,159.12574775112435
170834508,1098.9275774360015,159.12574775112435
1524712001,1366.9359475200733,114.42882561816175
1524835014,1366.9359475200733,114.42882561816175
1748532667,1366.9359475200733,114.42882561816175
1525361028,1366.9359475200733,114.42882561816175
1524633248,1366.9359475200733,114.42882561816175
1459205302,1494.3206739691782,113.20016903329419
1543900587,1494.3206739691782,113.20016903329419
1459124273,1494.3206739691782,113.20016903329419
1423366323,1494.3206739691782,113.20016903329419
1458610209,1494.3206739691782,113.20016903329419
1669352929,1581.3237703508084,113.7035063453702
1669907942,1581.3237703508084,113.7035063453702
1669386244,1581.3237703508084,113.7035063453702
1669387053,1581.3237703508084,113.7035063453702
1669152990,1581.3237703508084,113.7035063453702
1829839317,1425.740640951887,117.13566083521566
1739519173,1206.55422118432,220.53539548428202
136036378,1302.8389970918067,224.45078693856038
367217819,1432.6109223811552,125.28350823614538
175463659,1464.3890991353935,123.03217064709891
94055778,1462.4281604398752,123.55248057042652
194702611,1780.8888581830558,185.02386252622793
425965718,1780.8888581830558,185.02386252622793
1022621923,1780.8888581830558,185.02386252622793
451448382,1780.8888581830558,185.02386252622793
198002077,1780.8888581830558,185.02386252622793
326153784,1250.1200415062065,168.90047892596766
101578544,1250.1200415062065,168.90047892596766
162921123,1250.1200415062065,168.90047892596766
348449095,1250.1200415062065,168.90047892596766
473522567,1250.1200415062065,168.90047892596766
1106002259,1010.1768121373663,179.2544399379789
214895470,1010.1768121373663,179.2544399379789
88075140,1010.1768121373663,179.2544399379789
1661737313,1010.1768121373663,179.2544399379789
236701495,1010.1768121373663,179.2544399379789
128853580,1917.9166106460846,197.04108577472354
57281637,1917.9166106460846,197.04108577472354
96459300,1917.9166106460846,197.04108577472354
1769771941,1917.9166106460846,197.04108577472354
134548174,1917.9166106460846,197.04108577472354
821484609,1334.5104770659848,127.09821239648603
1650040185,1457.9652274829257,96.29466276626076
1649685725,1457.9652274829257,96.29466276626076
1650007513,1457.9652274829257,96.29466276626076
1649400284,1457.9652274829257,96.29466276626076
1649574363,1457.9652274829257,96.29466276626076
1649821650,1569.3688255151246,113.364923671974
1649230386,1569.3688255151246,113.364923671974
1650011474,1569.3688255151246,113.364923671974
1650802469,1569.3688255151246,113.364923671974
1649896695,1569.3688255151246,113.364923671974
1525150785,1343.561382089441,108.10379711185266
1499784859,1343.561382089441,108.10379711185266
1499780198,1343.561382089441,108.10379711185266
1499724758,1343.561382089441,108.10379711185266
1499558722,1356.4103834660073,108.81098052413557
1513040880,1602.1797650085966,110.19292117590253
1517400698,1602.1797650085966,110.19292117590253
1529282248,1602.1797650085966,110.19292117590253
1427100407,1602.1797650085966,110.19292117590253
1526386891,1602.1797650085966,110.19292117590253
194979527,1735.6918117940013,203.27314939040224
1649624533,1483.121398300389,119.96684235826967
1649757036,1483.121398300389,119.96684235826967
1649647648,1483.121398300389,119.96684235826967
1649604911,1483.121398300389,119.96684235826967
1650354838,1483.121398300389,119.96684235826967
1246531472,1505.023970821672,75.13281085985176
1634724608,1524.570354598532,80.1653166802134
464424204,1840.9712314908868,178.50309053453597
118325938,1634.7767567731382,118.13912319513159
275826428,1097.253165597702,161.19533251497725
118662704,1275.303735444299,164.2045569235344
1675023758,1616.2936750914155,110.57877400651493
46115260,1502.805045487633,170.11382965443573
37295968,1574.9771218515407,188.97404132529127
122955581,1502.805045487633,170.11382965443573
52433489,1502.805045487633,170.11382965443573
1572244152,1502.805045487633,170.11382965443573
372645351,1593.2306290977454,167.35805712414486
407316554,1593.2306290977454,167.35805712414486
1082247814,1593.2306290977454,167.35805712414486
425297769,1593.2306290977454,167.35805712414486
73604841,1593.2306290977454,167.35805712414486
342543282,1591.1138889984563,206.58877418199808
1604059932,1591.1138889984563,206.58877418199808
132359188,1591.1138889984563,206.58877418199808
1007375497,1475.6084672635047,161.25186275424502
321246600,1591.1138889984563,206.58877418199808
170809075,1678.3284761070552,121.87785091506662
1609348128,1718.5231057618576,225.52723101972657
331347492,1520.161032702414,163.48061032803088
286985748,1427.5975471293075,233.1946011843738
292829433,1706.2172293853384,171.4523218984028
153727297,1706.2172293853384,171.4523218984028
874735136,1706.245485650414,171.449541656284
97822451,1355.1534073486805,184.18741669420618
184950344,1603.475865462907,145.65970881985155
353498499,1531.0622682621001,113.83992082530756
218367241,2136.4128427920596,137.68979117332069
145331311,1544.8437642698823,140.14923749944796
162274034,1310.378840558345,154.87251952642066
110759067,1344.530811871272,142.10022698641654
119898344,1517.3270872469445,118.16295045790827
150862738,1312.2640084428026,220.66614159143015
103045129,1288.674424646306,327.8695645079681
341678201,1324.301086492837,222.32912646757956
212560917,1385.2469674788983,179.46880539523085
158425391,1326.498241304169,293.13469079778946
92949094,1459.1577364017153,123.64228884879124
196490133,1824.0672112316247,123.46089860014779
107855479,1824.0672112316247,123.46089860014779
327445152,1217.3520583130446,137.26095275586152
27178898,1824.0672112316247,123.46089860014779
148612029,1888.731906544042,102.16729092480394
289171422,1630.3473244396894,127.22785431637563
402688758,1212.9805546755335,184.27200983145244
993824087,1589.5228171558567,136.8500475143789
844400266,1212.9805546755335,184.27200983145244
394234915,1606.0483069779543,146.56288133248998
117421467,1590.4145610942735,128.40802117775704
72393079,1762.8098939270103,108.40428837003759
115464954,1957.6547941634756,114.13671580761898
168126336,1302.2190058267154,166.73494368264298
1171243748,1750.4598448971599,134.58796290506217
190464115,1321.018614296075,182.62160230662764
308558213,1321.018614296075,182.62160230662764
163218041,1321.018614296075,182.62160230662764
1569049676,1321.018614296075,182.62160230662764
1253027494,1569.918705422838,163.31165468126554
376574851,1359.267384663602,245.94588168012265
73308257,1514.6873546920885,169.84905814749553
1722693031,1363.3461963740137,192.24155392563017
292757556,1514.6873546920885,169.84905814749553
122798775,1722.4737392785273,257.7347558394179
422354558,1225.2745476579196,187.30017591186927
283545554,1284.9803408750663,147.25109128284294
329076390,1217.2938048238723,222.04400439098285
138535219,1206.1010010273972,188.14350807505141
493967542,1211.9219935544183,289.65860116990785
185202677,1599.978772610298,137.66215867537284
182322692,1596.2465164886169,145.82454031428352
176923146,1427.602367600168,157.30881521685677
133958007,1238.7255774608725,228.3440199429902
195072449,1401.7919022705607,185.6117748781061
152083285,1185.7062346246378,314.26544089591107
145957968,1901.8554008504136,153.9911206570841
199222238,1256.47229908031,224.4077816527125
19672354,1520.8689577642651,158.7262372751354
880397480,1359.234137185779,133.92027927671344
872008996,1586.1033142772496,115.54704301576965
405351356,1586.1033142772496,115.54704301576965
337926153,1548.0483982374396,261.78758333473183
147858311,1359.234137185779,133.92027927671344
968545762,1781.6233712314804,102.5487616334064
371495800,1189.885234875764,240.61434328160908
1001714951,1467.375370121236,120.44969267634832
1675320614,1467.375370121236,120.44969267634832
343909498,1467.375370121236,120.44969267634832
117514269,1537.9070527130814,161.32349122391284
418942836,1885.656734303984,99.64466064312619
312542697,1626.6306312672916,122.88621615506338
1054936816,1063.470329503045,172.06623057945774
1041811781,978.8173317042032,340.57486402217864
838547248,1366.1977386140238,155.81216627080732
120840516,1351.114352387953,236.6056678736259
1509384811,1303.2591939593622,187.282604865766
96769357,1303.2591939593622,187.282604865766
135494427,1303.2591939593622,187.282604865766
1905831521,1303.2591939593622,187.282604865766
1476548910,1303.2591939593622,187.282604865766
1275139073,1202.2321798929568,297.8138480509214
1079673206,1712.2559754444114,184.7721779153172
364569925,1712.2559754444114,184.7721779153172
92296903,1712.2559754444114,184.7721779153172
242900091,1712.2559754444114,184.7721779153172
441259025,1351.1786840407065,227.90545407837362
75821897,1351.1786840407065,227.90545407837362
150495111,1351.1786840407065,227.90545407837362
189886524,1351.1786840407065,227.90545407837362
147277955,1351.1786840407065,227.90545407837362
147408273,1585.0682903647314,174.40832345097124
1673853841,1497.7749566038892,117.49974200465509
91535476,1652.3699540677906,119.21583301139745
103812784,1855.5740069999933,250.94098212776976
337792133,1641.5146778881747,159.09780836524098
195997808,1218.6827551380302,224.06473749860973
151981696,1467.0417792473115,253.69116908103348
314533615,1814.7150821409248,297.10414865093423
367988577,1556.9468551209197,306.71206244142195
1140866451,1421.395859136748,198.14489740081376
862966435,1213.8598960140434,278.9069968466477
105045291,2186.0592786300595,105.16630021653306
241884166,2008.0194826247352,113.99858827000202
50580004,1601.6760063117656,180.22665781356875
171262902,2592.910303535943,129.81347442327285
312436974,2592.910303535943,129.81347442327285
417235485,1832.1541916250171,118.0442602126429
93817671,2592.910303535943,129.81347442327285
283494184,1338.602752411633,299.50285241936257
112543878,1279.796073325386,260.3687637580743
112254782,1279.796073325386,260.3687637580743
98681606,1279.796073325386,260.3687637580743
134859800,1279.796073325386,260.3687637580743
56634371,1279.796073325386,260.3687637580743
1122861375,1491.8335326653876,223.9425251647753
121924781,1491.8335326653876,223.9425251647753
96294331,1491.8335326653876,223.9425251647753
906749590,1491.8335326653876,223.9425251647753
127799714,1491.8335326653876,223.9425251647753
1291449666,1482.6347383975724,71.22951307014189
473436093,1573.356833435074,291.52367171074707
159020918,1498.5218567861195,169.3463774188104
164019535,1534.5428577419439,106.121984855069
87278757,1781.3701759301719,93.18236273672318
86744859,1460.3396698257566,210.159525050682
346191191,1460.3396698257566,210.159525050682
1585789983,1460.3396698257566,210.159525050682
1100842895,1460.3396698257566,210.159525050682
332773984,1460.3396698257566,210.159525050682
335520839,1715.3001993888636,242.53373347731014
206642367,1953.1901394304293,109.87329171224687
111620041,2192.120382405512,105.11071557637565
140297552,1885.6746854705887,152.50995696070513
140288368,1821.6452463972778,126.57307126670814
152168157,1962.5904488577341,109.99938909714807
16497807,2147.5238136802277,217.7997474736633
97590558,2377.6644109874774,99.54286678942829
201358612,2377.6644109874774,99.54286678942829
77490514,2147.537312897868,217.80259803257462
152962063,2147.5238136802277,217.7997474736633
177203952,1631.2911974860638,171.6422182014733
292921272,1968.0774529966093,181.3048555113987
138880576,2189.6972634992053,105.1982920274543
157989498,2119.9008204306556,104.9783727242642
81306398,1647.2533436033586,148.00219170222007
1125296112,1502.8731650341326,219.2216795094518
160708663,1524.0207816686593,217.24837360737655
360648679,1502.9744315564528,219.16296170572795
318371533,1524.3964837476176,217.12399783870927
318286721,1370.442478154566,125.84205266664051
348722410,1349.4818098164899,101.44224872645626
113152484,1399.0234683938995,235.75822021860543
361794356,1264.4296028012393,142.4436060197591
282359850,1019.9580931084,269.2834828157271
322925642,1628.253374074218,155.53850274961084
126397214,1394.979880800564,235.854937915309
137129583,2185.2873121443713,111.05700266166282
138543123,1138.8486371038884,234.52351940445124
143693439,1297.5002827741212,199.74760358909302
102099826,1603.5367060940482,145.64701570584532
136737280,1589.2362057407893,276.7885673931142
152545459,1461.5216306185473,210.40946231016133
164532005,1611.6182565593742,255.64201988521228
1885001216,1454.683293841658,175.75857985492627
333351042,1857.9056607359535,152.63527814360927
1266727153,1168.077599765213,180.52752675838687
1041276674,1662.8240028358528,183.35123285885987
383788462,1855.5725647807537,118.9893683513181
196670605,1170.2941049655478,197.2454282338595
1003810911,1718.4298082657372,291.2799303959259
1674311132,1815.6483491834501,268.3997472881321
1124446711,1588.9494367160185,225.18017552461987
1052045710,1581.8262730652002,162.32035327812392
1425096765,1581.636299690611,227.9081813665317
166022498,1581.636299690611,227.9081813665317
1172841956,1581.636299690611,227.9081813665317
115016104,1581.636299690611,227.9081813665317
1171343619,1581.636299690611,227.9081813665317
1529785023,1418.363700309389,227.9081813665317
166379664,1418.363700309389,227.9081813665317
1673265021,1418.363700309389,227.9081813665317
1067399931,1418.363700309389,227.9081813665317
1265642916,1418.363700309389,227.9081813665317
79648574,1539.9747909609878,147.96441079264287
1296625,1333.8888982258297,194.01690538562525
241519559,1839.2754905776817,114.23546391147485
155332459,1629.0769489075478,104.68963565934352
308163407,1699.0248441928074,122.40586132196005
1683752803,1574.4497550958963,186.3732840449395
278599060,1336.1936499170447,143.3697631060916
1131665504,1276.2927057098982,265.88233786100756
288144026,1386.5478608008725,160.53562640675366
125845797,1402.8406529556046,133.81941251408645
349342480,1253.5473386512422,180.80578476891714
102652420,1035.4314331580995,213.10513549978026
291231492,1841.1422552136055,249.61836044469925
411573732,1841.1422552136055,249.61836044469925
344926830,1841.1422552136055,249.61836044469925
74319201,1841.1422552136055,249.61836044469925
162935642,1841.1422552136055,249.61836044469925
1109020527,1504.9425176594114,230.97283492101226
166808107,1750.4314286543147,256.29624785348346
1264519871,1504.9425176594114,230.97283492101226
1275491519,1504.9425176594114,230.97283492101226
153799080,1750.4314286543147,256.29624785348346
1273289573,1337.7879973942352,290.2305060910912
1156809798,1337.7879973942352,290.2305060910912
1683461826,1337.7879973942352,290.2305060910912
1734157679,1337.7879973942352,290.2305060910912
1552161240,1337.7879973942352,290.2305060910912
477292277,1608.7097675516502,284.2939532780642
114459193,1608.7097675516502,284.2939532780642
82577371,1383.3994560944702,286.8512220355318
852823577,1608.7097675516502,284.2939532780642
121747938,1383.3994560944702,286.8512220355318
123953528,1436.8186376822,192.94632892031152
153609394,1343.2787223797948,190.43852299971948
255339080,1433.4146757861995,194.34353860293672
197813893,1330.7965877793038,170.32594672296517
131246802,1314.0638654262664,245.58900665750522
212656698,1540.203830196097,134.9747425183305
116293223,1595.3722920681323,162.27990568162548
389033587,1735.6844784795678,168.62294368886782
248388120,1193.846055724417,230.6749519346691
331999484,1179.0773293745685,138.49795218610322
290354460,1459.5621520984068,225.97163882619404
105920571,1244.046579247856,157.37994667980502
10366616,2207.2676917706217,104.97154188455674
898455820,2299.3788386442934,104.11312622768232
183719386,2557.951293872096,124.14475097665192
25907144,2296.6557755516737,103.64981965189533
172099728,2144.7279557561874,210.64462936000066
480412663,2208.115213732491,100.5597811043855
165564598,2144.7279557561874,210.64462936000066
317880638,2144.7279557561874,210.64462936000066
196878136,2144.7279557561874,210.64462936000066
321580662,2337.3988345886523,158.7307955578244
106305042,2337.3997813166775,158.7309163344437
847565596,2337.3988345886523,158.7307955578244
302214028,2228.106637117135,120.73214455112887
1017876764,1318.1692826409471,83.81066888877838
323266527,1893.907046138391,217.8884324375703
86698277,2099.055129652968,111.89064156108715
346412363,2099.055129652968,111.89064156108715
136829091,2099.055129652968,111.89064156108715
93618577,2099.055129652968,111.89064156108715
331855530,2201.738967768799,151.8098691715345
383867949,1827.5622126777425,260.6447820254109
479596010,1598.4569335305218,190.77899447311466
269946072,1642.8186297033203,282.58134639386697
873619049,1541.2235856113252,160.10590580913205
401653350,1319.0269854961623,243.45817660586115
146076829,1631.8053441669833,154.75621696877667
336937491,1171.2092190389017,233.461526498592
345803031,1214.3692432245768,254.60983404370828
120901780,922.86241889207,251.53292891749018
188037232,922.86241889207,251.53292891749018
144048558,1065.2343255488547,130.16732125542345
1129118044,1523.0391870989731,217.5749184290601
78891550,1065.2343255488547,130.16732125542345
846396765,1390.5741779415473,128.34401661471603
252551173,1494.2661910810107,127.64523824221378
199833749,1347.7478177070757,182.63688456121272
103735745,2592.910303573743,129.81347442945614
152455523,1822.3110208061591,115.2762111713956
1040820193,1366.5285419213947,122.29744771859953
120613892,1493.260065744439,145.89348127460406
114596500,1465.0157392687397,273.67750380280887
104185879,1497.9738030151484,194.67794280961297
435139370,1762.8710126577403,122.58445655249326
202464276,1318.852973750449,160.43207971025032
1214283479,1255.679491903654,151.46215389206472
295590968,1318.3070994667985,127.49382121351904
100058342,2249.3293560077436,120.90927532305005
1114792376,1455.2383914757756,131.295545771571
891566317,1150.3374559648803,148.3557508665081
126238768,1540.9609852151298,147.66178761806978
1674920452,1854.0023595821135,238.66213080995433
196584347,1545.7943519725163,243.54223355164726
859881158,1440.2162797756323,294.12534179990183
370600515,1376.9489014518772,151.50434060153287
191116892,1703.7267995642478,231.68927768259869
319698413,1682.697726164981,233.16619174707745
117267178,1328.3157813444343,225.79974283730266
295697470,1811.7572216882934,112.0222336897309
1348924193,1417.6497743118034,156.22182393673813
85872397,1376.6828656256228,276.3529201266808
433409979,1376.6828656256228,276.3529201266808
87095102,1338.622640008004,279.7390384294935
384854668,1412.8686699062357,162.20648309084274
122817493,2121.505238888406,99.03078942124881
193884241,1677.9593379826074,122.95895239590341
163458082,1686.6601749996544,169.51859684020644
1102532597,1597.7183448238075,273.0750242509409
972243573,1656.7792031917922,171.20216569611716
198851570,1433.6260172696589,113.21525836786405
228516683,1449.5258518499186,114.62649490318796
256444993,1487.1519788425917,189.55483964788218
101555768,1085.313587446474,183.8151240755656
392006194,1133.0353152908572,197.46947035673594
199666759,1105.8498129777026,217.42363839142786
122255316,1480.3877016893075,222.88396868062847
1131442601,1354.1937085338006,211.79748526687897
1004306103,1354.1937085338006,211.79748526687897
1139204601,1354.1937085338006,211.79748526687897
909826780,1354.1937085338006,211.79748526687897
289254906,1354.1937085338006,211.79748526687897
1520713219,1428.885781479943,260.22063506261594
1110596714,1576.9567731263699,226.85214295512245
316631735,1277.4456592716313,294.48724018666394
1202267677,1886.0502849709364,99.62624666489573
151337105,1785.9526568383549,229.39499915963097
846348640,1570.5436686696994,308.45940390759563
1021091792,1523.5443403474449,282.8288734871454
383361785,1427.7647147637288,201.87455448551356
919095176,1358.1446094006703,197.0907947036017
1218117310,1337.7879973942352,290.2305060910912
1404662490,1337.7879973942352,290.2305060910912
111197622,1887.0800808896392,266.5195602212074
55045938,1887.0800808896392,266.5195602212074
254646105,1826.5102729375476,247.44675831235637
91665260,1887.0800808896392,266.5195602212074
126245942,1887.0800808896392,266.5195602212074
169126302,1520.5307332790574,249.10141266126035
312324575,1520.5307332790574,249.10141266126035
911646328,1520.5307332790574,249.10141266126035
171515404,1520.5307332790574,249.10141266126035
1103722907,1520.5307332790574,249.10141266126035
476591992,1337.7879973942352,290.2305060910912
1659722924,1358.8550511238805,275.362598960569
262692048,1564.2545223209013,270.22330798531965
1003724504,1233.2974981537309,174.3152382425128
86716618,1873.216373330283,210.5003083215205
423953999,1366.9775900417574,269.1204785051339
877409811,1503.649143069756,170.2480101045104
1091863143,1585.1634532275948,165.54498611537755
1166085831,1478.2038707966276,255.74234836505133
122562329,1693.3662479449165,266.769993883214
206379758,1149.4932948711446,208.91504576463794
100708765,1149.4932948711446,208.91504576463794
247134320,1431.2595613851822,170.86656508828614
253962772,1481.1078043450557,254.54342826142926
191458152,1631.8178680239525,134.8724410557096
227657377,1152.4681588881824,318.88941905345183
340135526,1296.2385335146253,164.67799062458295
175520789,1110.2679520287818,204.99985058014684
181563525,1494.5378580672034,118.60238843136615
2323199,1477.5870142634892,127.10448888943876
197737818,1477.5870142634892,127.10448888943876
200037203,1477.5870142634892,127.10448888943876
144031734,1477.5870142634892,127.10448888943876
157164782,1477.5870142634892,127.10448888943876
115651292,1886.6114161510668,99.65655509022785
299776991,1678.222536305971,268.5839504456329
1516871818,1678.222536305971,268.5839504456329
1064768679,1584.502313967175,196.43066085721117
134683396,1674.3723756977781,203.86949794253994
300991234,1674.3723756977781,203.86949794253994
254710104,1735.1310318497533,210.6921727533145
1073591245,1537.3110624718329,184.00892297976094
133167741,1127.838901219757,232.08997193945038
1233428665,1527.1425875954253,177.8978372360069
1235283923,1274.9598043454723,229.6428578300631
53384796,1339.3437137090812,263.4831750232266
260672720,1297.9248960241428,290.54191586686034
99622043,934.7897070731412,199.28791022533068
265774236,1103.3332714271323,200.41831861183323
101092051,961.4902661524001,209.5938918784969
348438868,934.7897070731412,199.28791022533068
100106448,934.7897070731412,199.28791022533068
1012061568,1759.1082209601725,154.9028563614164
101779337,1697.566258172647,144.44811147972322
150961567,2003.1289158652805,108.21004399740552
103077892,1345.30898029085,167.67746527885927
367647343,1128.9824538079101,242.41339506036115
15095413,1128.9824538079101,242.41339506036115
220804071,1345.30898029085,167.67746527885927
123097213,1025.6470378563374,296.82377004432743
119315361,1378.3393371969419,129.76786687035798
86692726,1512.0481052625619,178.38499545747703
88611330,1174.5284699458093,192.97065674084428
250199344,1333.2950183992186,154.0620584335621
34505203,1404.3792223050555,153.1862007989356
106573901,2635.808398866177,239.71780565617695
164199202,2635.808398866177,239.71780565617695
73401082,2635.808398866177,239.71780565617695
163061132,1783.6373497144373,146.6340747319161
354573226,1178.732435204377,191.60581564981223
176997464,1178.732435204377,191.60581564981223
218606281,1178.732435204377,191.60581564981223
139934750,1178.732435204377,191.60581564981223
181267255,1917.1501305203988,206.3934321927934
86811043,1292.9018375764083,196.83851643522826
385825293,1493.0879715451208,166.36892060172988
294387499,1330.4677164369652,163.8560180467602
1101855381,1294.4948433955917,164.83912274028916
411596849,1250.2548192151553,275.5194569337319
250353613,1103.6713291311723,234.54578621323446
355409883,1630.397722830128,214.8712719572888
928288513,1276.4325050957946,164.42709411898608
376609156,1371.4375639173063,177.4450271371009
863282361,1531.841879077823,146.5363510502108
1388432956,1547.6710532232828,146.91975340466357
241107899,1138.4477766563655,184.89887455380304
864976903,1535.3630822687849,140.62414796403795
435460860,1138.4477766563655,184.89887455380304
885187787,1178.0935621017072,182.5858183232949
361748943,1138.4477766563655,184.89887455380304
201839427,1488.976975124365,268.32201720824787
299247250,1283.660122759881,221.90133883000323
324563425,1830.1189841620273,150.1234179320041
120056214,1651.7846694354082,188.15056173942224
960748514,1651.7846694354082,188.15056173942224
1090729940,1830.1189841620273,150.1234179320041
1613292486,1830.1189841620273,150.1234179320041
256125031,1372.0913494957908,189.26797850919527
300982912,1372.0913494957908,189.26797850919527
312082610,1482.2755698415338,148.40083724016029
160637401,1592.6498208560265,311.30853863408066
1039452633,1560.5067148210137,253.7657304732507
172715549,1570.9643787854498,245.76264504325914
1054713427,1386.8705994464776,277.98195580383697
349495318,1251.6571600910283,245.70556511918204
237201026,1148.7704834629774,174.06851058822315
1180794800,1189.4319821683657,290.57908531024674
878486251,1337.7879973942352,290.2305060910912
1681460814,1189.4319821683657,290.57908531024674
225024894,1189.4319821683657,290.57908531024674
1755662969,1189.4319821683657,290.57908531024674
1829475814,1552.1262447572883,284.9713905459827
1252647675,1662.2120026057648,290.2305060910912
1444266919,1662.2120026057648,290.2305060910912
1599601730,1662.2120026057648,290.2305060910912
1098598273,1662.2120026057648,290.2305060910912
1201526302,1270.6381847223258,278.1783441337433
1477866898,1337.7879973942352,290.2305060910912
1084216679,1270.6381847223258,278.1783441337433
1035526003,1270.6381847223258,278.1783441337433
1463612406,1270.6381847223258,278.1783441337433
259942760,1740.5100544579136,228.0079335469704
438626610,1740.5100544579136,228.0079335469704
128687158,1740.5100544579136,228.0079335469704
337900635,1696.0982410358768,208.52992387867602
98080418,1740.5100544579136,228.0079335469704
1144348658,1337.7879973942352,290.2305060910912
283758836,1851.004594365192,242.2005049142566
289655272,1851.004594365192,242.2005049142566
179849835,1851.004594365192,242.2005049142566
1005639286,1851.004594365192,242.2005049142566
252046985,1851.004594365192,242.2005049142566
967699335,1541.5309177828574,290.259655302397
1050066223,1541.5309177828574,290.259655302397
1258849919,1541.5309177828574,290.259655302397
1188004586,1541.5309177828574,290.259655302397
414280536,1541.5309177828574,290.259655302397
1849246039,1407.281643242225,290.30547687924974
858455759,1407.281643242225,290.30547687924974
117015167,1541.019393802013,156.56283494241347
421515107,1303.658063649112,204.7063364765233
1201927095,1558.2864335283678,174.15026324315647
101460882,1365.3802592850518,94.67411793504579
1156943782,1366.33129842234,263.60466874164376
154223815,1616.6553316972254,155.44351160547762
1115227642,1392.6036062747655,206.29374739171422
353957877,1669.7080317347097,120.86186247979114
233706218,1669.7080317347097,120.86186247979114
242931535,1669.7080317347097,120.86186247979114
450107852,1669.7080317347097,120.86186247979114
209096834,1669.7080317347097,120.86186247979114
344158214,1191.4105821426574,222.87659219182564
111134812,1191.4105821426574,222.87659219182564
123070788,1191.4105821426574,222.87659219182564
133879192,1191.4105821426574,222.87659219182564
119515485,1191.4105821426574,222.87659219182564
228916210,1525.493088666665,173.9576467510956
86841653,1525.493088666665,173.9576467510956
113846851,1271.4415345265902,252.41798993823656
864821625,1525.493088666665,173.9576467510956
892044246,1525.493088666665,173.9576467510956
1642627807,1748.5136861097028,156.39244692627153
337979991,1748.5136861097028,156.39244692627153
1010173059,1429.6172863442148,150.92912219818206
207164049,1748.5136861097028,156.39244692627153
917316246,1748.5136861097028,156.39244692627153
368992912,1577.9754223482714,164.50073349258466
370768407,1514.5727415014867,191.8789769207336
238988125,1651.2410286057202,175.5513155416755
190800902,1577.9754223482714,164.50073349258466
351125972,1514.5727415014867,191.8789769207336
839392173,1510.8040136405727,145.32154191806814
401932055,1510.8040136405727,145.32154191806814
346998401,1510.8040136405727,145.32154191806814
172798824,1510.8040136405727,145.32154191806814
299333421,1510.8040136405727,145.32154191806814
431696092,1182.4072107267375,217.06903956755895
104414287,1182.4072107267375,217.06903956755895
87103257,1182.4072107267375,217.06903956755895
301629270,1182.4072107267375,217.06903956755895
87745449,1194.5233819819423,222.6820473119674
1021695760,1240.1980847497896,205.5454743005671
415806444,1240.1980847497896,205.5454743005671
190192158,1321.6798633743606,229.23419211356693
282566732,1240.1980847497896,205.5454743005671
139764409,1240.1980847497896,205.5454743005671
221909983,1285.459887302912,201.83027775499747
157556782,1373.5559996452648,182.17690000003722
275456894,1373.5559996452648,182.17690000003722
849451203,1373.5559996452648,182.17690000003722
90625429,1373.5559996452648,182.17690000003722
207098798,1622.892634199332,239.32942834936335
421257589,1890.3295590555947,237.5186180420351
339686412,1890.3295590555947,237.5186180420351
320685889,1651.2637405477758,163.27359903106597
179596651,1651.2637405477758,163.27359903106597
108625414,1767.4486074114973,228.9763024765319
150413473,1651.2637405477758,163.27359903106597
339534588,1651.2637405477758,163.27359903106597
156412969,1234.9191701380778,217.56397202835146
50204129,1295.000897362905,243.68760298393718
219373349,1234.9191701380778,217.56397202835146
117743254,1234.9191701380778,217.56397202835146
146870560,1234.9191701380778,217.56397202835146
180302127,1396.8477517985032,236.76736874773644
1675675311,1572.099739459408,104.69230902806952
110427809,1621.8516875004016,280.664978876407
243816705,1281.565410337717,278.86385676260795
1922189447,1422.0581192820623,295.14026852782956
461119243,1331.0016952349858,266.5268340970295
451261772,1638.6655682606581,227.63027795952124
176752974,1638.6655682606581,227.63027795952124
267068676,1335.9073587670418,264.31932449362444
316289232,1335.9073587670418,264.31932449362444
285770518,1053.0065569010912,264.77847300703456
130275040,1673.753545997183,278.4864086211912
1833243327,1367.079894500139,273.2863685624465
1694519814,1367.079894500139,273.2863685624465
44206460,1570.9023165772091,271.6410126639301
164047347,1724.0524310684373,112.9777409910542
172213217,1394.3766687534746,155.16268459782927
188351504,1726.1216760244947,104.53322861953836
482364904,1353.3861562789345,196.40835915136972
218231587,2337.4380918071624,158.73588893313197
120365248,1418.2865957748706,213.98996710980612
170879862,1201.4176540382966,182.7318196071669
127458973,1201.4176540382966,182.7318196071669
873175607,1201.4176540382966,182.7318196071669
139981263,1184.2997477857011,257.9176341191907
1847344518,1764.3155033971489,158.45719735025918
176152932,1461.55291175964,196.95710967696596
376361641,1461.55291175964,196.95710967696596
224909279,1818.2410006083626,240.72134040876682
210354035,1818.2410006083626,240.72134040876682
1132010207,1818.2410006083626,240.72134040876682
1454362289,1596.221641909347,178.63531047168823
1017373362,1057.2219286685397,206.94523604016632
369992051,1057.2219286685397,206.94523604016632
850639266,1057.2219286685397,206.94523604016632
209277936,1057.2219286685397,206.94523604016632
168675398,1057.2219286685397,206.94523604016632
126127817,1212.1668228720403,116.02994434602485
836056780,1176.0285010069424,125.9818927706833
275501116,1685.9024531666753,112.65234947679507
221532774,987.4859646039143,340.21124871838293
241653418,1789.9713509731232,159.53813409639585
175080646,1789.9713509731232,159.53813409639585
320252024,2069.3687230832325,97.4962900099382
111114687,2069.3687230832325,97.4962900099382
208181197,1822.0836781319697,118.3259036159976
1150772339,2115.911207491664,98.45024311152206
187949640,1836.9658893813234,142.48705153312628
1458814221,1088.5562369005063,200.1777481831264
73091210,1088.5562369005063,200.1777481831264
347193635,1088.5562369005063,200.1777481831264
127371320,1088.5562369005063,200.1777481831264
1566861257,1088.5562369005063,200.1777481831264
1423974733,1418.2726580152512,189.74170819711645
121368880,1418.2726580152512,189.74170819711645
1136143407,1418.2726580152512,189.74170819711645
1236483147,1418.2726580152512,189.74170819711645
1313002325,1418.2726580152512,189.74170819711645
145550466,1510.6456501472417,133.2176587783386
872040357,1436.9815946285592,186.7947463648852
317069167,1436.9815946285592,186.7947463648852
838897282,1436.9815946285592,186.7947463648852
216517213,1436.9815946285592,186.7947463648852
216365374,1436.9815946285592,186.7947463648852
1238825904,1605.7603543296132,137.3172043911087
134670471,1605.7603543296132,137.3172043911087
460397345,1605.7603543296132,137.3172043911087
291800080,1605.7603543296132,137.3172043911087
132573309,1608.6961067677232,183.29152951023843
92487440,1821.4136034255175,128.62479956575447
1017552598,1450.6632640223331,208.6188281025748
1674619194,1450.6632640223331,208.6188281025748
228370263,1450.6632640223331,208.6188281025748
140188853,1450.6632640223331,208.6188281025748
896370474,1450.6632640223331,208.6188281025748
421025149,1162.5181393015687,227.3707999715441
357134245,1162.5181393015687,227.3707999715441
109572047,1162.5181393015687,227.3707999715441
859729982,1162.5181393015687,227.3707999715441
1026146627,1162.5181393015687,227.3707999715441
860264647,1904.0477439204456,97.5215767745574
115594971,1561.6387654686866,153.45717222553256
1040811479,1821.602669875515,253.3168284851333
114064101,1561.6387654686866,153.45717222553256
453515297,1561.6387654686866,153.45717222553256
146141606,1561.6387654686866,153.45717222553256
847205352,1753.5690478617116,129.68007880513397
1691769671,1753.5690478617116,129.68007880513397
181962351,1753.5690478617116,129.68007880513397
274391608,1753.5690478617116,129.68007880513397
1469196296,1753.5690478617116,129.68007880513397
297439947,1344.7933869707422,175.23124937111572
332769380,1344.7933869707422,175.23124937111572
370569333,1344.7933869707422,175.23124937111572
250953624,1344.7933869707422,175.23124937111572
1287707471,1344.7933869707422,175.23124937111572
87850774,1875.1526065261303,126.33868713176297
1204954847,1542.8734016329367,178.2884140193227
210354813,1716.0245907726126,169.41094218726843
170697639,1542.8734016329367,178.2884140193227
816691663,1542.8734016329367,178.2884140193227
99803639,1089.1669031361982,214.46398758949115
350885810,1258.6765371613653,225.32834051297925
382514676,1842.7234830414686,137.21314578784435
121024905,1827.8265731133818,159.73403992410988
391301310,1809.9802196477929,164.5442200398119
426728561,1986.7530442950158,127.84279386926137
189798955,1988.1741826040807,128.05604066081088
117887286,1491.898715934109,217.3279409909798
217747919,1600.7483249864044,200.65082246810337
307524380,1350.854300555173,244.83301281298017
353424606,1419.4476565712475,311.0517081178882
398993896,1090.630230760522,218.38962226442047
176934392,1121.1549449764827,228.9967310726432
205820973,1157.3976908894113,229.33309711031686
339180708,1102.7192641996794,222.11435312078746
191838424,1090.630230760522,218.38962226442047
900551258,1766.3709872575578,168.56137410828703
452987572,1795.138859852939,173.11597879538704
1114362978,1845.578836793191,142.689405876175
134244584,1845.578836793191,142.689405876175
260366487,1845.578836793191,142.689405876175
339642155,1803.6980976375696,241.71618680898936
347049835,1803.6980976375696,241.71618680898936
147569798,1803.6980976375696,241.71618680898936
428397179,1803.6980976375696,241.71618680898936
327849525,2187.11988669672,123.02175135776642
292056520,1383.4002086572664,286.83737907739453
239323571,1473.438924978503,192.7609375150997
245442583,1569.6257364024,216.39527875655145
128717874,1473.438924978503,192.7609375150997
203247140,1473.438924978503,192.7609375150997
170992292,1473.438924978503,192.7609375150997
1694161622,1469.2038201745404,233.1599027041323
1123191292,1404.1179696472077,300.9190731560284
113989664,1469.2038201745404,233.1599027041323
1003850864,1469.2038201745404,233.1599027041323
142597656,1469.2038201745404,233.1599027041323
274709016,1307.129847423135,230.32706533616076
391072386,1092.4823120071712,126.11324449586601
220313786,1137.9447611102144,193.3719508256326
1196560665,1382.6067284596577,188.6167338415647
224479686,1359.8297957973614,277.5756771642979
1142059815,1646.47623213597,272.2460161174912
1921182947,1646.47623213597,272.2460161174912
1228933274,1382.1429583817855,283.3094747020246
410828198,1625.3665101805293,289.63542239058603
351409299,1662.2120026057648,290.2305060910912
374868972,1599.9431923834725,291.1953151145376
187909086,1559.2476695734042,232.33204840001565
276356280,1559.2476695734042,232.33204840001565
96315854,1559.2476695734042,232.33204840001565
390241460,1408.028380730936,296.2412353194385
92586925,1195.8540011708465,190.85025438673784
65075379,1323.394471254087,224.11258259428533
1075363779,1323.394471254087,224.11258259428533
1506573355,1323.394471254087,224.11258259428533
1189887560,1323.394471254087,224.11258259428533
442425196,1323.394471254087,224.11258259428533
205609554,1141.931912021818,201.95222516233721
1239599690,1278.4298266037147,268.00878962653013
860145568,1736.8798158420934,153.07099435504418
1583074351,1636.0006383257005,276.861620658752
316047775,1534.2399372916714,200.15867529950515
1130921871,1657.3965806357485,267.32494290278566
1130735035,1657.3965806357485,267.32494290278566
152220715,1348.555349327333,277.50960791434517
242835570,1274.8423708553305,240.6701910349226
332342615,1432.424931741854,157.25692588079363
169516760,1500.2375559323682,137.51519344089328
304491589,1070.4400568115566,210.47151356999316
1110858511,1143.8226958246494,232.5470858340884
1138420959,1070.4400568115566,210.47151356999316
1673609691,1070.4400568115566,210.47151356999316
101869787,1070.4400568115566,210.47151356999316
1225798805,1211.3451426163692,243.49412495817216
233371537,1279.815205824711,260.3268855083129
127186235,1211.3451426163692,243.49412495817216
145269702,1211.3451426163692,243.49412495817216
258816940,1211.3451426163692,243.49412495817216
241866350,1793.8177790009083,122.0928584652059
235192533,1793.8177790009083,122.0928584652059
1680688884,1793.8177790009083,122.0928584652059
157018751,1793.8177790009083,122.0928584652059
321569094,1793.8177790009083,122.0928584652059
293043646,1491.0844803429961,232.47333661233932
103614809,1491.0844803429961,232.47333661233932
405387077,1491.0844803429961,232.47333661233932
1038567632,1491.0844803429961,232.47333661233932
117305631,1491.0844803429961,232.47333661233932
854440062,1315.5076880795255,198.7712612932582
1005963447,1238.6369109455936,180.68132605109108
220722971,1238.6369109455936,180.68132605109108
166937875,1334.2662535267823,201.13713882419296
92423451,1251.4168695156905,126.15708582528927
114118637,1329.4643619936191,153.81710670300697
5906630,1364.9694178639982,147.94900779242099
1296693692,1669.2232256485888,97.98579062983046
241501414,1313.2269549086632,123.59192239843861
314385372,1464.9809335470102,168.0565756916245
123051238,1298.9684051747513,178.84227665367925
98720020,1552.5087867487553,97.49987168787543
111941535,1498.571874269246,151.38701499195528
327280463,1505.3714882453153,154.07452481634513
191172480,1612.1402383372363,133.52645168069984
901963357,1612.1402383372363,133.52645168069984
155056441,1273.7564820527678,136.0044702657708
284780604,1570.544852405899,137.47951649196085
1281944743,1443.8322632204258,290.66973349864026
422205595,1974.4441255009262,132.38239622662118
407819069,1974.4441255009262,132.38239622662118
162798290,1974.4441255009262,132.38239622662118
224532966,1078.7364976476056,243.54548902219364
339937633,1401.2498782898952,290.0655954549435
1011610122,1626.4489824091052,276.2570448027392
340701445,1646.0055980481336,273.49671937818215
288133988,1699.7601372636038,123.49048044848664
316422980,1675.3850479900987,268.97182067557753
834942355,1746.7357112289128,238.26630953367226
441801921,1173.3776221735407,241.24764042137826
226683686,1262.2830284989516,258.0186856148718
274709304,1688.3285285898114,128.1538074379661
1284487300,1440.6601324463763,156.41014540555562
1520721262,1498.0831690320726,171.69259528859402
1021454282,1440.6601324463763,156.41014540555562
282338286,1316.2626140119983,261.96906747623734
1111446909,1354.8460958883927,200.2251626658892
341211008,1586.18655468369,188.6117337560124
908794219,1156.9744783847348,193.0931226431284
892486081,1731.3114841722502,104.33037695805629
200241903,1452.1695575052847,309.41468679485484
61676629,1460.8453434461094,228.5122790205398
400770750,1460.8453434461094,228.5122790205398
905138989,1460.8453434461094,228.5122790205398
213271253,1460.8453434461094,228.5122790205398
174821634,1460.8453434461094,228.5122790205398
30966600,1337.7879973942352,290.2305060910912
148797254,1358.5299299150277,213.054823001778
138857296,1395.3065230801565,180.85242878647665
898754153,2173.284972955491,110.550955893263
173978074,2001.3833072852854,123.77331998802565
129958758,2001.505729421836,123.77572655581173
101695162,2001.3833072852854,123.77331998802565
94296097,2001.3833072852854,123.77331998802565
158847773,1864.0257044999883,135.80664451274836
314046420,1815.6213221648727,229.40458374883318
124675117,1459.6447860106387,295.7303898511805
201812568,1817.8614865064894,255.14026875816566
189317657,1817.8614865064894,255.14026875816566
1674721988,1817.8614865064894,255.14026875816566
409811360,1817.8614865064894,255.14026875816566
1673660021,1817.8614865064894,255.14026875816566
96183976,1912.5675108195703,101.74379819331561
1053701107,1414.6222889189842,243.62712814208885
1563460045,1414.6222889189842,243.62712814208885
183427794,1276.118569138105,265.6967694101689
155958311,1414.6222889189842,243.62712814208885
1478012601,1414.6222889189842,243.62712814208885
209965605,1662.2120026057648,290.2305060910912
380965138,1197.667451495616,286.571761872427
464480190,1197.667451495616,286.571761872427
449301066,1197.667451495616,286.571761872427
855300499,1306.5531191284272,284.8166273220662
381775435,1197.667451495616,286.571761872427
338729842,1683.2091349499547,260.27539388735715
183916637,1196.3150059203972,211.68477536161484
267210104,1357.5854269661327,264.42394662410203
355003833,1339.6612664272534,265.88180734831275
100674884,1571.527451959704,160.3166789671694
204735426,1571.527451959704,160.3166789671694
78434936,1793.176276026389,130.8275851182591
468157836,1867.792246622345,122.300661551082
856687769,1560.1106424467791,165.03844257037613
393869026,1278.7027441632843,259.8080293985544
1456896431,1278.7027441632843,259.8080293985544
244199719,1800.2947874038553,167.68936410265454
47646696,1371.6512370564265,250.8716440967725
1074399069,1106.954992412966,308.24008984769654
1881308276,1174.4709085065895,231.9401162873743
206874704,1106.954992412966,308.24008984769654
302787678,1581.1175897441028,289.7305254120931
891332773,1581.1175897441028,289.7305254120931
126340643,1409.2987758896486,229.41774454787512
393847908,1638.4083989689639,272.3852948907909
179284293,1638.4083989689639,272.3852948907909
169359999,1593.3990584039275,139.78596775001216
925799201,1410.326489976827,143.14234136928505
104480591,1410.326489976827,143.14234136928505
363290342,1222.4398351173234,149.65803393209737
439345730,1742.555280986054,179.8174663759385
181947989,1556.1382080925705,100.19737032999268
1302032342,1265.8519713685748,143.33505354546546
46527182,1265.8519713685748,143.33505354546546
1173994152,1265.8519713685748,143.33505354546546
113589506,1569.8160576553912,135.35008737536137
49292857,1569.8160576553912,135.35008737536137
363871826,1569.8160576553912,135.35008737536137
1840261681,1665.5570161843132,263.08424033733314
80560677,1362.7869356563133,119.76045869258654
337777733,1520.9799372429607,230.4184322731701
113331514,1652.2410546352992,119.60339435544107
175824034,1672.9115915813056,147.92248656388745
1839961995,1689.5861652501912,247.53108062124363
1522851015,1252.217558469079,226.40311177235097
1912106305,1545.6157678102275,252.90951707428206
1050218588,2338.1643681435953,254.34772267170715
91663166,2338.1643681435953,254.34772267170715
129245408,2338.1643681435953,254.34772267170715
89390985,2338.1643681435953,254.34772267170715
300504856,1685.8289584888569,100.85681195733038
1092336581,1278.2566578169622,266.28981833410035
368988497,1231.5752619970042,241.81258518204592
116934015,1513.1337869006134,133.57536453362925
332221264,1513.1337869006134,133.57536453362925
424661031,1513.1337869006134,133.57536453362925
26068669,1513.1337869006134,133.57536453362925
171801415,1513.1337869006134,133.57536453362925
181997158,1677.7362644588975,279.8762420343153
1055817740,1677.7362644588975,279.8762420343153
132851371,1455.902336641887,126.82391026669507
86785083,1455.902336641887,126.82391026669507
352874540,1664.900753531403,277.73911461034805
819907193,1346.0122377508196,269.2080972564185
315605093,1346.0122377508196,269.2080972564185
377488989,1549.6381178131376,155.13032031778062
1113377821,1549.6381178131376,155.13032031778062
183711760,1549.6381178131376,155.13032031778062
1075827899,1549.6381178131376,155.13032031778062
230738400,1641.1082951141268,196.10010647823538
326359546,1638.3509767846556,140.87163240434748
1851164232,1192.1005247375256,218.46499380847277
1258774388,1192.1005247375256,218.46499380847277
1674735128,1192.1005247375256,218.46499380847277
169804647,1192.1005247375256,218.46499380847277
1872575064,1192.1005247375256,218.46499380847277
1039433490,1339.2090839348657,256.5025172979602
224536329,1582.4912543794944,149.82104490029207
289190342,1103.0230714561787,195.48718834540335
1112035160,1436.4106892492887,204.70917344886533
1264783348,1590.257960800957,171.3450073109258
856820732,1405.6859050211049,163.49892471968008
303973769,1327.77318441713,242.21066160165753
176484314,1412.5802266923272,163.80541807927142
1425355645,1358.224653648444,271.683962055587
1251633645,1674.6825312493245,235.21592403937623
322442240,1537.306709349395,114.3795683200628
1793737498,1298.9011518493514,292.4669140325293
318659544,1363.6421911465131,269.4065188319025
832699531,1361.5279196666918,269.0209245386306
156485213,1616.8942658213584,158.53666966052475
175762298,1362.208405864354,160.3580339500796
266358608,1662.2120026057648,290.2305060910912
901892168,1431.0387385333386,244.97577640702698
957186629,1431.0387385333386,244.97577640702698
473393406,1431.0387385333386,244.97577640702698
1064810174,1431.0387385333386,244.97577640702698
413586205,1431.0387385333386,244.97577640702698
116493491,1662.2120026057648,290.2305060910912
294571932,1497.557411036761,256.2024029528062
925270682,1353.9618242640397,285.76172317459185
860579907,1353.9618242640397,285.76172317459185
1159910029,1353.9618242640397,285.76172317459185
1615167004,1353.9618242640397,285.76172317459185
354863857,1353.9618242640397,285.76172317459185
113348439,1337.7879973942352,290.2305060910912
1674401460,1918.4858778787757,242.6425166746143
1143589718,1729.932688214518,285.0554076591236
1276893638,1918.4858778787757,242.6425166746143
1415129501,1918.4858778787757,242.6425166746143
1036639380,1918.4858778787757,242.6425166746143
88933594,1465.6422221947328,89.225964969696
131303632,1523.4757080767297,162.20539266160813
113457795,2028.4595962118678,187.84017742398183
101356886,2040.8169923459586,126.10190987443877
255788703,1366.4870874464261,117.91911410959248
494553157,1189.4639788180873,235.6554105030541
393879016,1658.5478091212813,285.8985775582914
322868736,1358.9243250611837,276.5108829350273
968696770,1358.9243250611837,276.5108829350273
456381156,1358.9243250611837,276.5108829350273
839881750,1358.9243250611837,276.5108829350273
118305301,1136.3482423406772,197.01732163506728
107520446,1049.4594652635749,177.11751767505487
872078953,1110.706022092116,197.03057710690047
37364878,1049.4594652635749,177.11751767505487
176648133,1136.3482423406772,197.01732163506728
90892734,1404.0299986709763,118.26353713210285
137272985,1526.198988329242,180.17893538956696
205813150,1404.0299986709763,118.26353713210285
140613225,1404.0299986709763,118.26353713210285
1075787464,1544.3885083336909,115.07914236847226
96196828,1544.3885083336909,115.07914236847226
6922000,1752.394734806328,114.42254011264826
76482434,1752.394734806328,114.42254011264826
107746371,1677.7829603262658,118.81078561657715
88553213,1239.1074866651668,145.15528268414738
89871557,1239.1074866651668,145.15528268414738
88508515,1239.1074866651668,145.15528268414738
134711350,1239.1074866651668,145.15528268414738
134276083,1239.1074866651668,145.15528268414738
86700461,1604.2969463730924,147.20534897709004
108452107,1753.1751865708516,228.96165827485697
103162342,1116.1425911318172,208.5004322041205
93119769,1366.5131615788819,138.12525208319516
112377459,1366.5131615788819,138.12525208319516
101450083,1366.5131615788819,138.12525208319516
176734643,1382.9334826728348,186.17500509799936
443523970,1041.5264701382275,200.23653983531574
1593991392,1123.9579360655996,236.85226773754965
377594124,1235.1187366453062,270.9643635176097
152770061,1387.1733784829664,227.48306555796125
128629513,1523.3051034784783,181.40299672591553
1669043848,1346.3592727657724,277.9896577455521
1067262380,1799.2029519926243,188.54992724033605
1594036154,1692.1787565263141,283.49047431078674
1627380182,1368.185961252719,273.43805557785794
411602527,1235.7615771981036,221.73379666657516
152238330,1089.773410402396,186.84649995319393
1051764466,1265.4683258535006,292.08325546595944
464782859,1265.4683258535006,292.08325546595944
1132282330,1265.4683258535006,292.08325546595944
328966463,1265.4683258535006,292.08325546595944
316819393,1265.4683258535006,292.08325546595944
1675506161,1820.2061461810495,240.40091729940158
1087571271,1415.5940026057867,295.4881930284125
1258998734,1415.5940026057867,295.4881930284125
1267884336,1415.5940026057867,295.4881930284125
903371944,1415.5940026057867,295.4881930284125
348822001,1415.5940026057867,295.4881930284125
1507669699,1339.363610435813,281.031069910164
1699557300,1270.3235724058213,247.0069339385663
1012011741,1270.3235724058213,247.0069339385663
177314732,1447.2812636241483,187.79933887374335
807817135,1638.2110731182242,164.81072074191715
297418180,1582.9085489254742,231.45725014890397
140308801,1619.679774595649,256.8490006611503
1603196366,1656.8971275318045,284.448284684103
344499395,1572.0389618174977,245.9175281151887
101236995,1359.309501900832,274.18177681339773
478272881,1340.7730493462773,278.805462477406
1016501199,1678.6217549533371,229.91428573629682
999961232,1359.4105360627868,187.2212238654675
843154197,1745.7878157857822,277.5953933291831
174247009,1745.7878157857822,277.5953933291831
353191049,1428.7030519377886,301.2934681944497
427536316,1428.7030519377886,301.2934681944497
227538875,1428.7030519377886,301.2934681944497
1829939301,1428.7030519377886,301.2934681944497
113103314,1253.5801569588937,211.35208888079623
137823304,1118.1725879275646,204.50723437782912
1171877280,1531.754334638146,146.54207944589677
148215639,1669.5699034536765,145.08507805268303
139876032,1864.1271836194285,135.8024906138976
136177710,1199.3602485729666,225.74898175234284
129858884,1166.6045995473535,269.3299301245256
161042969,1199.3602485729666,225.74898175234284
108839644,1124.3384709381878,204.13660745959228
1142804923,1171.5145030965916,296.15209592171016
148526973,1818.6882314668621,107.12152966549233
137193239,1667.2948931083552,145.6499529164586
203351055,1886.0456470811162,99.62613684680016
399466265,1124.4880920163337,297.59630690562796
364893392,1137.7682498299737,295.0572778127938
861520790,1124.4880920163337,297.59630690562796
111780919,1342.3581472725182,278.5015264635297
102676258,1188.2712680854465,219.00168215345985
966554732,1678.1212490186347,158.14105804210863
412193285,1329.885123905577,278.4230879117722
1601003552,1559.4610379865858,250.25315998499963
399804216,1325.2341193043703,211.8399915231591
428376930,1241.9058787205975,220.9392303712915
309345956,1465.1967011239908,273.60675182632406
353501082,1418.324720122974,225.63565032365796
793015188,1418.324720122974,225.63565032365796
98885811,1473.6194579699873,162.37551369738918
147130490,1309.4219321683263,261.4653227692974
128958133,1655.5826273047326,128.991376275846
1675938999,1451.3997611263221,252.7804621817031
1216484449,1613.9599836938455,156.3697719827369
1576474214,1363.4218928947096,245.7538496740584
1190137167,1747.1838403535473,118.6704613128079
1821156468,1337.7879973942352,290.2305060910912
420104228,1207.0571329855532,201.28805966057791
1088362710,1747.1838403535473,118.6704613128079
1266217100,1337.7879973942352,290.2305060910912
1009469018,888.531705018111,245.57809025062232
206266593,919.0668538482099,239.25384443972388
245472636,1402.3646783248362,157.5472557535789
206220806,1145.0606352003947,301.0139159956846
232474483,1402.3646783248362,157.5472557535789
47235846,1301.137706996987,274.3277040324933
249986681,1703.4435604221244,140.61212877260147
120416283,1334.0881054753008,163.9130310810351
27626073,1201.0846479621423,232.29907513890143
319124110,1306.224922657918,295.55838275778694
142147636,1305.8428066855424,267.02682994244554
160391554,1306.224922657918,295.55838275778694
396792504,1471.6977288651913,141.5728428607152
408729743,1585.223391256781,199.72877174251025
118948666,1756.8677658757226,146.23204758422878
339235645,1406.4924498058479,135.6066592937867
190021452,1470.6251457653684,193.43454788448398
880868638,1486.0410323039478,224.5809640163166
122797059,1359.532553589396,270.9586060313718
1078037901,1341.8591725287629,253.0803851508721
899495504,1329.2086799482256,165.82379124650024
70540189,1461.7932938346078,258.0334344109371
363178741,973.690585746781,228.95151844822033
151383495,1313.0854675795824,276.4528221313261
189977584,1287.9364087963768,236.958530411311
161092840,1287.9364087963768,236.958530411311
134268169,1287.9364087963768,236.958530411311
792250022,1387.1724852096308,149.61823197700298
317465188,1649.7969480578195,266.44488736007844
59463394,1649.7969480578195,266.44488736007844
329589381,1346.700542156713,241.79527719490858
874981361,1426.2489705861447,157.39013145271053
1027553502,1235.6024651140553,211.08296547307873
850309212,1748.7109761704212,126.12737364777493
861414087,1282.2704653148962,328.4948722432393
125189164,1333.3456094386183,145.73962745424987
167488455,1026.5116539552712,268.35282956481547
851295431,1402.6137354491102,280.90771431469005
465972635,1482.945023129272,147.77429289766934
1052101649,1837.34184604603,130.2671926000077
445646028,1458.8885537500137,189.38869066385416
135495981,1387.076000016631,148.2556031719326
1626813547,1275.5697947072051,266.06697274517853
212011074,1405.830126450592,183.25522062979954
191066225,1703.0668639081582,139.417058970657
266525664,1646.5758076932239,166.41675691183093
167976729,1462.4779834212425,121.23285395340322
270630424,1326.3746454073503,195.71705900894122
262711956,1665.4939798648534,208.56967689038072
444563727,1817.193670404405,229.33536130300817
297380131,1343.3170989570415,237.3178031146461
391134507,1281.6963692871836,266.39322859813143
412413765,1306.6914328711184,262.22246747222437
1517197265,1981.4751991963167,196.21725909589094
183126002,1758.9499094970743,154.2800486417586
101062921,1408.1506086896622,242.5587698271197
344161762,1278.9812057155125,191.18666323720763
425075046,1278.9812057155125,191.18666323720763
133066657,1278.9812057155125,191.18666323720763
413339999,1495.9007505686186,229.7007260337408
112426916,1849.657731495051,154.29960414620984
1015789058,1465.720391687107,168.6752299993718
1568566028,1401.1672545205643,274.89928776265475
111656727,1832.4864889330036,176.49724646206886
179684293,1473.993964003501,142.055720628996
208680365,1398.7267830010308,272.4680800524701
92028391,1581.4001116646812,146.39819980467914
427017829,1471.5971826173682,230.57257696544502
398747760,1253.2420737681703,226.08559119833444
871445079,1467.7917850527974,197.5334614223818
164555903,1517.590807467105,228.2356115870409
1084642475,1270.550781835555,222.57636099150665
94439767,1553.9482970595047,147.88363143620862
48823667,1918.2191947837646,138.5608717502833
1898185869,1389.3552025737504,212.79012679339405
445291085,1576.7473127581898,124.09286870111778
127565532,1238.6300643055015,306.38011265412655
364848722,1649.0142083248927,264.96845073504903
198032590,1247.6346184128795,310.6476651597137
395316741,1409.4203027653193,228.46450835113654
353020118,1346.308871554502,226.26317981390818
248861963,1114.4668723526886,305.3401205302037
174758617,1114.4668723526886,305.3401205302037
1054820179,1991.9532838432808,194.8355138818052
376077951,2050.6737228717575,270.6467272520808
123576291,2050.6737228717575,270.6467272520808
1851112948,1737.0342359502722,236.7140151037785
366614071,2010.2009921708425,276.80908755602223
173929969,1369.299889744565,252.02514308086157
182095111,1412.8905194844783,213.75126531706843
872380220,1369.299889744565,252.02514308086157
175370013,1451.0922502488534,229.98849097924892
878021633,1402.0226898970766,259.8728369528352
88271237,1527.4238907105475,157.95647908102026
94054712,1835.2248637236362,258.0898954253905
163152486,1674.5622160343107,123.49919662188648
405781421,1501.39135059936,183.77323187925717
121148866,1672.9324543691323,266.62735459586287
1427426621,1620.920487815401,226.8402009197256
93845249,1672.656230347538,124.45769674515093
995397364,1340.6400461559329,147.63220256286755
82305765,1289.5833378728885,138.574761800422
439722711,1454.8883924135562,231.721341782699
1109113267,1541.4819495495044,236.5126698641606
176019821,1635.2105991936376,221.53416775409286
1097353000,1540.9503069758537,237.9461848839886
132863483,1997.9027318762908,265.2519701551348
228210239,1214.353595805268,265.36155278756087
363745658,1402.3786715419124,290.6230967131215
264324580,1402.3786715419124,290.6230967131215
223862611,1402.3786715419124,290.6230967131215
412012138,1363.0436998245461,279.5964965380184
876924874,1421.2715285598742,295.80673786437114
461508641,1421.2715285598742,295.80673786437114
841873113,1515.7800430682769,225.52026479445863
1081195618,1515.7800430682769,225.52026479445863
399540905,1297.5151989176688,285.7788876812923
179789993,1467.5881105601568,275.19827493933246
139937922,1694.1833747654541,140.9464543260155
118134220,2069.368620045613,97.49629038109913
192981126,1574.7054915431563,135.9292189768088
162812365,1430.1329452142415,153.07076473289376
266438396,1313.0412487268009,225.00261431882763
308133680,1350.7299618336076,276.7172645483065
801691007,1599.3577266584432,163.61739539030327
934084828,1296.502863695489,261.2116007843019
163176463,1249.759398116126,284.5631957511342
245436061,1227.0851788307098,270.7081830150222
277211980,1227.0851788307098,270.7081830150222
921526814,1425.4552539580347,298.0975796246199
375695261,1786.9379691270221,210.65795016602786
1040840173,1538.474096732098,263.23882830531124
400178410,1432.6609797534027,300.6787100136186
1110328496,1432.6609797534027,300.6787100136186
296552045,1667.021375384548,284.7916234286459
98714365,1667.021375384548,284.7916234286459
860620183,1340.1049385852198,274.6186373886871
433397349,1610.7833604080836,159.7293102679548
1298830008,1491.0928215905574,174.8590161071327
1183407741,1340.1049385852198,274.6186373886871
1040433702,1649.853585044776,270.74962832852276
1888540074,1649.853585044776,270.74962832852276
154884921,1226.5294663767445,201.60195617437284
836325393,1670.2857870020382,164.85645762013587
878173667,1439.3272822342408,249.1332634692921
1109417339,1706.61456259419,177.20166639397289
158804414,1595.1455285815064,233.14205820583217
1153474301,1549.3796028806175,168.07063215680193
1110183108,1359.2082536992962,276.1184215846482
834634286,1383.7020933956235,314.366254569261
81183606,1370.9432953893552,283.0683697386368
1900444929,1399.2630523236069,205.9155511990592
912046553,1631.0789494075998,282.7675871748651
1249632318,1631.0789494075998,282.7675871748651
398410583,1244.4139105410575,285.53226924358324
100785249,1244.4139105410575,285.53226924358324
1220993352,1553.489746549877,170.87461590134964
1302599438,1615.1513093403091,158.9753824204854
1240683812,1822.0378178087738,190.5507503412069
478048631,1760.8480002426522,129.54701803624192
442740593,1760.8480002426522,129.54701803624192
849062216,1357.9236239830132,216.47414922700392
430109900,1370.1198903020365,279.87750373635424
325697153,1483.1041791981258,270.15257464764744
1890891399,1366.5385600730665,276.10993582817275
933059891,1692.8145066849452,278.20940074383986
1429599834,1692.8145066849452,278.20940074383986
913035086,1255.978546425028,248.640469704252
353763523,1695.9899481646203,257.47262946638557
840066138,1280.156713652209,284.34574381022713
774298202,1280.156713652209,284.34574381022713
1216804674,1280.156713652209,284.34574381022713
293812223,1280.156713652209,284.34574381022713
812425082,1650.346933719062,271.5432483728976
1424443759,1418.1087320525319,293.2489528688312
1112938235,1360.024204759155,267.33903859732703
387834132,1538.3740041045617,243.15080640564634
878137745,1212.8850605959988,214.83290899712875
191502419,1702.8256474697903,236.47600783643838
1894356752,1541.7875743090449,238.19620751355802
308321101,1355.1869067764858,271.602959944626
1290634670,1355.1869067764858,271.602959944626
449667629,1638.3873046185374,273.4440926522458
1014443978,1409.1432490406542,184.79600410192018
976527666,1843.6411190632386,222.1903353031445
1770526699,1392.8555776609371,204.87431900949892
889401407,1276.8790525694922,231.64842362741618
1275704372,1370.0126104210274,267.30734531391903
1475957566,1263.385116972467,229.5261863075778
1593802980,1343.6113328252409,266.502278664705
1188518907,1459.9655842438665,223.64334950292866
141878904,1869.4057794767914,126.32323717811819
235622709,1869.4057794767914,126.32323717811819
116790140,1378.5064566209248,291.78686125971325
1057817199,1378.5064566209248,291.78686125971325
1197119761,1722.5707590883364,188.6777432486182
170193177,1428.107359576731,296.3400611808461
1169127579,1428.107359576731,296.3400611808461
809193071,1428.107359576731,296.3400611808461
1686589290,1711.999970948217,170.1123842102983
1100650988,1677.3208711372895,268.93980111643367
970496767,1493.1713416019074,235.77404954162535
127058444,1517.1442328693563,180.0503434091892
180350857,1517.1442328693563,180.0503434091892
1869957260,1517.1442328693563,180.0503434091892
125429767,1504.9334548515,177.2783640555357
1127140372,1316.8524251862814,273.14809801505334
1124539478,1666.9118416107624,200.15930317151137
1182993645,1698.7840971967414,266.67926375721044
326612974,1674.9525545452334,268.5357687064183
1427563529,1689.5254612671802,170.2285293842873
1011460351,1290.94077655001,270.47013338483544
238605754,1633.58896926187,263.9361038085338
1226185287,1416.2984309174371,195.4073722143402
796141507,1676.749848282044,267.84376355565274
1885248984,1369.1113684119848,186.85152457910954
1017822495,1557.1103138193932,238.38315087435254
417429939,1494.2078572746327,232.87733659057469
1613681026,1504.2468113180153,218.42534151835613
1192384510,1660.6258551840792,263.776396008802
908254231,1462.628891526933,159.28802087981794
196482746,1769.7936654616653,170.37031641021653
1224974216,1275.1781716766307,151.3692383939409
84385735,1296.7960602835142,207.82939812396864
402285018,1159.9567814044324,174.8828859519756
1772794232,1336.696458308418,193.1079549006999
193087967,1729.3917795955415,266.5292827819058
1281507501,1729.3917795955415,266.5292827819058
1164920192,1457.5359093890152,224.78356331023252
1109989916,1457.5359093890152,224.78356331023252
449870948,1457.5359093890152,224.78356331023252
123452953,1575.3102426169003,189.96599149633377
145007755,1575.3102426169003,189.96599149633377
128391201,1520.4473529312593,222.54506106963444
75881244,1520.4473529312593,222.54506106963444
1086129003,1694.1990197060509,150.58928795487793
925716060,1694.1990197060509,150.58928795487793
69138058,1694.1990197060509,150.58928795487793
968908227,1744.264849174037,192.57465317767807
1095498973,1355.1885484699696,252.81141213224552
1234677166,1355.1885484699696,252.81141213224552
5600161,1889.039012169114,158.15620761797658
1267387397,1889.039012169114,158.15620761797658
201449287,1889.039012169114,158.15620761797658
1115878075,1889.039012169114,158.15620761797658
1584706722,1335.7602823568814,269.6119582436209
135230164,1335.7602823568814,269.6119582436209
992662924,1196.3038544275819,178.28076428339907
433008412,1203.406307631848,195.55904409723396
279734740,1203.406307631848,195.55904409723396
152095304,1203.406307631848,195.55904409723396
235549078,1139.0547960609708,203.4638183020051
155430086,1363.5844344145871,280.18739390149767
188551857,1197.7320423914878,247.2683162691119
172141367,1175.0404548437273,202.4752694249191
128660724,1270.1692591592773,208.57860175451108
157475523,2177.435951124765,110.66135154666512
1883781021,1693.5849855977299,279.2594218294702
481509978,1341.5492538080262,270.6573831994902
1768366638,1341.5492538080262,270.6573831994902
369342470,1683.9211988206678,144.07037285317944
1168943616,1676.7143460569694,266.0562559484346
1026120293,1676.7143460569694,266.0562559484346
787761388,1681.0148503147234,274.16658516092906
1520989227,1355.750431353572,272.315911413674
404004408,1564.1406090609282,151.65899934753648
205515858,1518.065108782282,149.05501859474654
333700720,1489.185150591811,126.57844069058052
1689281790,1966.764173381209,275.91947450901966
386314004,1652.0944489897547,282.512011327378
1433323770,1779.777250661772,101.079910152088
297118630,1267.9464632243125,206.99911311979955
317506304,1267.9464632243125,206.99911311979955
148480336,1267.9464632243125,206.99911311979955
121591254,1426.3549325114209,154.53553817017885
406420893,1267.9464632243125,206.99911311979955
103354522,1219.9490613109722,170.58442991585724
430579976,1219.9490613109722,170.58442991585724
1152948930,1138.4801028855352,233.95111837440032
1218097624,1138.4801028855352,233.95111837440032
207527352,1138.4801028855352,233.95111837440032
226786631,1138.4801028855352,233.95111837440032
135709988,1138.4801028855352,233.95111837440032
176372519,1251.929333103951,240.5415531713599
376421854,1297.4384404723908,268.404875648912
296569241,1344.359485846438,262.6375689361122
148780703,1344.359485846438,262.6375689361122
1123091097,1330.8722021878627,277.1320479315432
31818853,1639.3479241420218,291.0904229112793
372569020,1205.4472314074055,308.5224641017727
287966650,1205.4472314074055,308.5224641017727
349569834,1719.8202906587835,142.04721460216174
331711578,1517.327142998788,141.8485416874733
893395618,991.1780213135266,251.41616216364045
893135754,1727.0724900947089,157.9415804099186
98887913,1765.554547599556,161.5612899325199
1130039860,1765.664254159912,302.60935871939967
154509738,1765.664254159912,302.60935871939967
1143830419,1765.664254159912,302.60935871939967
193432335,1765.664254159912,302.60935871939967
206593195,1765.664254159912,302.60935871939967
425224180,1286.3982619986111,293.94923152483966
220114337,1451.9730411476328,153.76833101239922
129683847,1393.5055017649693,230.90333007321158
910023324,1393.5055017649693,230.90333007321158
1674486174,1578.4371942818489,158.2994330565412
288775038,1758.5228587873478,119.14167750853346
1166358463,1578.4371942818489,158.2994330565412
185001854,1470.1334304126856,160.73269750949817
917164766,1904.0832019113363,97.52031495734182
410707457,1392.029162476507,162.3359092443804
207916561,1270.048511988214,248.64878157203808
180077091,1331.8088867751742,244.08233248256118
311534425,1331.8088867751742,244.08233248256118
195608714,1331.8088867751742,244.08233248256118
1178451669,1331.8088867751742,244.08233248256118
115506817,1331.8088867751742,244.08233248256118
174704427,1527.7151322728614,202.7993755851632
860706122,1527.7151322728614,202.7993755851632
188212380,1527.7151322728614,202.7993755851632
224514487,1527.7151322728614,202.7993755851632
460989174,1275.8455983946205,189.73135786279494
1200050970,1275.8455983946205,189.73135786279494
240477861,1275.8455983946205,189.73135786279494
154171908,1275.8455983946205,189.73135786279494
837245291,1275.8455983946205,189.73135786279494
346174811,1550.0688008287616,129.55974952934227
1004229172,1550.0688008287616,129.55974952934227
154259887,1550.0688008287616,129.55974952934227
1028012361,1455.4993471701655,231.69791721444693
129807919,1550.0688008287616,129.55974952934227
250317389,1469.3855698462323,142.14694463572923
232763274,1443.8807034622057,197.00147101854574
188953151,1602.9893463828496,217.81328007978087
139822354,1820.1926733322102,134.74814715692452
903184860,1918.1453485522527,110.46618805886494
419948853,1373.1439295381779,173.24860538079764
133615285,1079.7914703961162,215.10909048956046
99036634,1610.1134079209965,178.49483231279675
151508316,1610.1134079209965,178.49483231279675
361688848,1610.1134079209965,178.49483231279675
396651757,1610.1134079209965,178.49483231279675
134432641,1678.6167387155185,122.50351312844083
100483784,1864.6426270812988,131.36728812552565
354160772,1864.6426270812988,131.36728812552565
279460864,1864.6426270812988,131.36728812552565
143067868,1166.5861495562776,186.05313401497673
492748110,1166.5861495562776,186.05313401497673
147796322,1166.5861495562776,186.05313401497673
367831537,1166.5861495562776,186.05313401497673
97218286,1166.5861495562776,186.05313401497673
417737942,1292.5223680232841,182.279411801852
1674203764,1292.5223680232841,182.279411801852
129692936,1292.5223680232841,182.279411801852
108928414,1292.5223680232841,182.279411801852
56672696,1292.5223680232841,182.279411801852
254617977,1117.9691767847273,203.94210618167517
963252025,1117.9691767847273,203.94210618167517
1185065451,1117.9691767847273,203.94210618167517
371546728,1128.6992336693352,216.07223266223681
290031756,1117.9691767847273,203.94210618167517
308281650,1432.8937085323025,203.93942440112855
112954736,1432.8937085323025,203.93942440112855
113833980,1432.8937085323025,203.93942440112855
244373403,1432.8937085323025,203.93942440112855
123172078,1432.8937085323025,203.93942440112855
31388939,1475.969322521329,160.61268234551142
86832913,1475.969322521329,160.61268234551142
322278701,1475.969322521329,160.61268234551142
106810939,1475.969322521329,160.61268234551142
309224793,1475.969322521329,160.61268234551142
64527692,1680.4070510815295,118.99868632694019
258607808,1680.4070510815295,118.99868632694019
40013910,1719.8967830013557,260.447761815718
1119556666,1680.4070510815295,118.99868632694019
89415289,1162.2945918981616,185.5743308985376
379755783,1162.2945918981616,185.5743308985376
92687904,1162.2945918981616,185.5743308985376
188688583,1162.2945918981616,185.5743308985376
114285547,1162.2945918981616,185.5743308985376
197309434,1383.39995621054,286.8420155669616
99132107,1133.060867637286,201.50552360455373
128580956,1133.060867637286,201.50552360455373
970438316,1133.060867637286,201.50552360455373
151482973,1133.060867637286,201.50552360455373
98167706,1133.060867637286,201.50552360455373
124583384,1586.6530144376072,146.4032871168098
109757023,1586.6530144376072,146.4032871168098
136031695,1909.4291611361928,154.5184800126033
238509899,1909.4291611361928,154.5184800126033
108810964,1909.4291611361928,154.5184800126033
121885658,1909.4291611361928,154.5184800126033
107757716,1402.7350610841681,146.8699546458626
86885915,1402.7350610841681,146.8699546458626
194049929,1402.7350610841681,146.8699546458626
48660805,1402.7350610841681,146.8699546458626
148213417,1402.7350610841681,146.8699546458626
923708928,1348.9653461005857,174.05660700053562
379454309,1348.9653461005857,174.05660700053562
851178649,1348.9653461005857,174.05660700053562
399681795,1348.9653461005857,174.05660700053562
165213126,1348.9653461005857,174.05660700053562
98172857,1754.2054828551088,129.6960389828133
35504297,1754.2054828551088,129.6960389828133
1674334778,1754.2054828551088,129.6960389828133
162675753,1401.6476418716675,146.60492924659104
95651573,1401.6476418716675,146.60492924659104
846051882,1401.6476418716675,146.60492924659104
232939147,1401.6476418716675,146.60492924659104
115793260,1426.2643362258052,167.28222261365406
131777112,1426.2643362258052,167.28222261365406
105965535,1426.2643362258052,167.28222261365406
174727276,1426.2643362258052,167.28222261365406
58513047,1889.4606422635507,150.38124025476878
124603973,1967.9470398714707,155.2263614612219
68007361,1967.9470398714707,155.2263614612219
921032897,1355.3551573786156,181.60274747546936
377699384,1489.650155427388,145.63304942675353
362711800,1489.650155427388,145.63304942675353
285947750,1489.650155427388,145.63304942675353
1060568191,1489.650155427388,145.63304942675353
251135365,1407.693836082622,159.2248481925191
1699330914,1407.693836082622,159.2248481925191
121916030,1407.693836082622,159.2248481925191
356875951,1407.693836082622,159.2248481925191
205749939,1407.693836082622,159.2248481925191
123343197,1386.1299269711376,197.15050577406421
5844432,1386.1299269711376,197.15050577406421
84592370,1386.1299269711376,197.15050577406421
86999597,1386.1299269711376,197.15050577406421
257988627,1386.1299269711376,197.15050577406421
220621418,1816.6686090355422,117.88468969798309
317725979,1816.6686090355422,117.88468969798309
270293472,1816.6686090355422,117.88468969798309
257698084,1816.6686090355422,117.88468969798309
49570863,1595.4828851661846,123.91067924424738
176019913,1595.4828851661846,123.91067924424738
1081125817,1595.4828851661846,123.91067924424738
164025762,1595.4828851661846,123.91067924424738
123622845,1654.861002351696,124.55354160896577
135113005,1501.500246556726,144.6854666971239
104314302,1501.500246556726,144.6854666971239
186411992,1279.7968879870282,260.36698070477036
860792911,1136.398451557596,200.4555944897932
111532561,1136.398451557596,200.4555944897932
384723384,1136.398451557596,200.4555944897932
309636925,1136.398451557596,200.4555944897932
63564640,1501.4687146493854,154.0581517537598
22010146,1501.4687146493854,154.0581517537598
186360994,1501.4687146493854,154.0581517537598
52197664,1501.4687146493854,154.0581517537598
315016949,1501.4687146493854,154.0581517537598
61374441,1991.9460265411165,175.97835384088728
258410531,1991.9460265411165,175.97835384088728
108997922,1991.9460265411165,175.97835384088728
158497863,1991.9460265411165,175.97835384088728
888117850,1991.9460265411165,175.97835384088728
385344057,1116.5070731750106,206.51149536898438
1249045783,1116.5070731750106,206.51149536898438
1853791662,1165.9316777502856,226.9471134983472
1313455300,1193.847437489446,226.3831647341701
1794698612,1116.5070731750106,206.51149536898438
865067597,1679.682778071541,150.24658542112113
376577750,1679.682778071541,150.24658542112113
337057519,1679.682778071541,150.24658542112113
989268035,1789.149402923699,202.62223653006944
247133387,1679.682778071541,150.24658542112113
48873099,1432.3289609783608,156.56046020084688
298027834,1432.3289609783608,156.56046020084688
119875714,1432.3289609783608,156.56046020084688
209783719,1432.3289609783608,156.56046020084688
208657652,1432.3289609783608,156.56046020084688
412758827,1484.530428938416,148.85625634554222
116776337,1484.530428938416,148.85625634554222
135191692,1358.3251162283939,194.08700693275452
117511039,1358.3251162283939,194.08700693275452
1673981140,1437.0840021060735,217.8096457846731
1874506858,1358.3251162283939,194.08700693275452
452400903,1620.636823797545,169.3392551365748
366489992,1680.7224454850007,211.88980799343966
880455909,1293.141587818109,165.30370606100152
480048979,1307.2451956846662,174.64720462044636
133672082,1293.141587818109,165.30370606100152
196892309,1297.8712905481598,220.55794313925495
186495296,1363.0289989888458,177.09637125128052
395661906,1288.6109145682642,187.6775362001705
149027778,1288.6109145682642,187.6775362001705
87856234,1288.6109145682642,187.6775362001705
78577268,1288.6109145682642,187.6775362001705
166017709,1288.6109145682642,187.6775362001705
193490297,1415.4056527901275,171.79947823015675
86850560,1415.4056527901275,171.79947823015675
200450157,1415.4056527901275,171.79947823015675
102382586,1103.270074416509,203.83965495317545
203596299,1103.270074416509,203.83965495317545
39155815,1103.270074416509,203.83965495317545
416098293,1351.9080247561008,211.4739937163123
125989153,1710.592879825536,138.86782660900295
143659264,1710.592879825536,138.86782660900295
866438572,1710.592879825536,138.86782660900295
893049966,1773.9102869368546,126.89219875522193
86745912,1876.9848199034614,150.552121383518
238239590,1876.9848199034614,150.552121383518
95145869,1764.694002885886,239.5218017109877
40547474,1876.9848199034614,150.552121383518
38628747,1876.9848199034614,150.552121383518
208212987,1236.843102397935,240.27875757610644
89972122,1166.510838388274,192.02359171245268
118736004,1166.510838388274,192.02359171245268
144105312,1166.510838388274,192.02359171245268
389350615,1524.1363817896822,215.16963086510899
1520663597,1146.6284070495774,244.6706708789482
84422118,1178.4236821325396,229.07607134173443
114950635,1322.3141414059423,269.8296671231484
137530209,1463.121311826682,230.9737118022554
102126005,1463.121311826682,230.9737118022554
198981766,2007.3368067819274,238.28183068108692
99611577,1953.217961749418,229.85376950796137
202256116,1916.7062736396354,97.66298876398132
1074436691,1507.9967570267713,144.50114428718368
450454900,1726.134812202519,104.52051502259958
480210721,1683.3620203559192,111.61907436416597
185996267,1313.982954692303,198.49221953048104
96803083,1306.5887592037934,203.54310704346733
106755427,2016.5262987337692,107.30154292118539
107265057,1603.6509369939617,205.3392193988435
223342537,1578.9279015931743,116.87531068239625
209103998,1402.4124838965263,275.18619001875044
146383297,1632.3806067600806,131.1428514275598
210167497,1311.2066180486904,235.96168174313257
178366364,1268.0931848480686,203.3169045018559
111440116,1268.0931848480686,203.3169045018559
1232481380,1268.0931848480686,203.3169045018559
287279252,1314.4003234726654,236.80743217911035
128614292,1200.5286771552387,203.05853747468774
1001901062,1334.6854696145315,290.2468913748907
1792423694,1334.6854696145315,290.2468913748907
1269581820,1662.3449323301343,290.2305365173656
274266360,1256.1230157540772,202.50975915638878
105074295,1275.0049840887762,208.493900647374
212958343,1419.112325348275,172.56187458551082
184654765,1203.859261402696,253.66637082174898
84772440,1579.1116149675618,218.3155738946428
